"id","participant._is_bot","participant.time_started_utc","participant.task_rounds_mp","participant.task_rounds_sp","participant.svo_angle","participant.svo_category","participant.progress","g_svo.1.player.g_svo_choice","g_svo.2.player.g_svo_choice","g_svo.3.player.g_svo_choice","g_svo.4.player.g_svo_choice","g_svo.5.player.g_svo_choice","g_svo.6.player.g_svo_choice","g_svo.7.player.g_svo_choice","g_svo.8.player.g_svo_choice","g_svo.9.player.g_svo_choice","g_svo.10.player.g_svo_choice","g_svo.11.player.g_svo_choice","g_svo.12.player.g_svo_choice","g_svo.13.player.g_svo_choice","g_svo.14.player.g_svo_choice","g_svo.15.player.g_svo_choice","ac_ug_sp.1.player.responder_payoff","ac_ug_sp.1.player.proposer_payoff","ac_ug_mp.1.player.responder_payoff","ac_ug_mp.1.player.proposer1_payoff","ac_ug_mp.1.player.proposer2_payoff","contact.1.player.usage","contact.1.player.feedback","Started.at","Completed.at","Time.taken","Age","Sex","choice0","choice1","choice2","choice3","choice4","choice00","choice01","choice02","choice03","choice04","choice05","choice06","choice11","choice12","choice13","choice14","choice15","choice16","choice22","choice23","choice24","choice25","choice26","choice33","choice34","choice35","choice36","choice44","choice45","choice46","choice55","choice56","choice66"
"559ba2abfdf99b5ae13fd585",0,"2023-12-03 10:00:16.810216","{'Decision00': 6, 'Decision01': 25, 'Decision02': 5, 'Decision03': 13, 'Decision04': 8, 'Decision05': 10, 'Decision06': 22, 'Decision11': 14, 'Decision12': 23, 'Decision13': 11, 'Decision14': 19, 'Decision15': 17, 'Decision16': 2, 'Decision22': 24, 'Decision23': 26, 'Decision24': 9, 'Decision25': 3, 'Decision26': 4, 'Decision33': 21, 'Decision34': 28, 'Decision35': 7, 'Decision36': 15, 'Decision44': 1, 'Decision45': 27, 'Decision46': 20, 'Decision55': 16, 'Decision56': 18, 'Decision66': 12}","{'Decision0': 4, 'Decision1': 3, 'Decision2': 5, 'Decision3': 1, 'Decision4': 6, 'Decision5': 2, 'Decision6': 7}",41.14,"Prosocial",57,0,8,8,4,4,8,5,4,3,6,4,7,4,2,2,1,3,2,2,2,1,"","2023-12-03T10:00:14.096000Z","2023-12-03T10:20:57.923000Z",1244,52,"Male",0,0,1,1,1,1,0,1,1,1,1,1,1,1,1,1,1,1,1,1,1,1,1,1,1,1,1,1,1,1,1,1,1
"568aea0739a70e000c57ace6",0,"2023-12-03 09:58:15.979588","{'Decision00': 26, 'Decision01': 9, 'Decision02': 24, 'Decision03': 7, 'Decision04': 3, 'Decision05': 6, 'Decision06': 10, 'Decision11': 12, 'Decision12': 5, 'Decision13': 21, 'Decision14': 27, 'Decision15': 23, 'Decision16': 19, 'Decision22': 14, 'Decision23': 22, 'Decision24': 18, 'Decision25': 28, 'Decision26': 15, 'Decision33': 17, 'Decision34': 20, 'Decision35': 25, 'Decision36': 11, 'Decision44': 4, 'Decision45': 13, 'Decision46': 2, 'Decision55': 8, 'Decision56': 16, 'Decision66': 1}","{'Decision0': 2, 'Decision1': 4, 'Decision2': 1, 'Decision3': 7, 'Decision4': 3, 'Decision5': 6, 'Decision6': 5}",20.57,"Individualistic",57,4,8,8,5,2,6,0,8,0,0,8,8,8,0,8,1,3,2,2,2,1,"Felt like a lot of jumping around, instructions at the bottom which had to be opened up and scrolling to see them if I needed an initial reminder. Then back up to 'next' which was in the middle of the page.","2023-12-03T09:58:06.074000Z","2023-12-03T10:11:56.522000Z",831,33,"Male",0,0,1,1,1,0,0,0,0,1,1,1,0,0,1,1,1,1,1,1,1,1,1,1,1,1,1,1,1,1,1,1,1
"56a80ddfc89737000b22bd61",0,"2023-12-03 10:01:36.446611","{'Decision00': 9, 'Decision01': 5, 'Decision02': 15, 'Decision03': 27, 'Decision04': 23, 'Decision05': 4, 'Decision06': 25, 'Decision11': 11, 'Decision12': 13, 'Decision13': 6, 'Decision14': 21, 'Decision15': 7, 'Decision16': 28, 'Decision22': 8, 'Decision23': 18, 'Decision24': 14, 'Decision25': 20, 'Decision26': 22, 'Decision33': 17, 'Decision34': 16, 'Decision35': 26, 'Decision36': 10, 'Decision44': 19, 'Decision45': 12, 'Decision46': 24, 'Decision55': 3, 'Decision56': 2, 'Decision66': 1}","{'Decision0': 1, 'Decision1': 2, 'Decision2': 7, 'Decision3': 4, 'Decision4': 5, 'Decision5': 3, 'Decision6': 6}",39.55,"Prosocial",57,0,8,8,4,4,8,5,5,3,5,4,7,4,1,4,1,3,2,2,2,1,"","2023-12-03T10:01:33.305000Z","2023-12-03T10:10:52.150000Z",559,34,"Female",0,0,1,1,1,0,0,0,1,1,1,1,0,1,1,1,1,1,1,1,1,1,1,1,1,1,1,1,1,1,1,1,1
"56cfd0ddd691bb000697baef",0,"2023-12-03 09:58:27.783955","{'Decision00': 13, 'Decision01': 7, 'Decision02': 6, 'Decision03': 8, 'Decision04': 11, 'Decision05': 24, 'Decision06': 22, 'Decision11': 12, 'Decision12': 15, 'Decision13': 28, 'Decision14': 20, 'Decision15': 3, 'Decision16': 14, 'Decision22': 26, 'Decision23': 16, 'Decision24': 9, 'Decision25': 25, 'Decision26': 5, 'Decision33': 27, 'Decision34': 4, 'Decision35': 23, 'Decision36': 18, 'Decision44': 17, 'Decision45': 1, 'Decision46': 2, 'Decision55': 10, 'Decision56': 21, 'Decision66': 19}","{'Decision0': 4, 'Decision1': 5, 'Decision2': 2, 'Decision3': 6, 'Decision4': 7, 'Decision5': 1, 'Decision6': 3}",40.46,"Prosocial",57,0,8,8,4,4,8,5,4,3,6,4,7,5,2,2,1,3,2,2,2,1,"The description had a typo, it said that it would take less than 2 minutes, it was more like 20. Still no worries,  those things happen.  ","2023-12-03T09:58:15.033000Z","2023-12-03T10:25:39.064000Z",1645,38,"Male",0,1,1,1,1,0,0,1,1,1,1,1,1,1,1,1,1,1,1,1,1,1,1,1,1,1,1,1,1,1,1,1,1
"576667375cf6f200015a0884",0,"2023-12-03 10:04:40.706322","{'Decision00': 22, 'Decision01': 17, 'Decision02': 23, 'Decision03': 27, 'Decision04': 3, 'Decision05': 12, 'Decision06': 16, 'Decision11': 18, 'Decision12': 6, 'Decision13': 10, 'Decision14': 8, 'Decision15': 5, 'Decision16': 2, 'Decision22': 1, 'Decision23': 11, 'Decision24': 26, 'Decision25': 15, 'Decision26': 19, 'Decision33': 28, 'Decision34': 14, 'Decision35': 13, 'Decision36': 4, 'Decision44': 21, 'Decision45': 24, 'Decision46': 20, 'Decision55': 9, 'Decision56': 7, 'Decision66': 25}","{'Decision0': 3, 'Decision1': 5, 'Decision2': 2, 'Decision3': 1, 'Decision4': 4, 'Decision5': 6, 'Decision6': 7}",39.1,"Prosocial",57,0,8,8,4,4,4,4,4,3,6,4,7,4,2,2,1,3,2,2,2,1,"","2023-12-03T10:04:34.861000Z","2023-12-03T10:17:05.078000Z",751,49,"Male",0,1,1,1,1,0,1,1,1,1,1,1,1,1,1,1,1,1,1,1,1,1,1,1,1,1,1,1,1,1,1,1,1
"5869950b8596530001079aba",0,"2023-12-03 10:00:27.403176","{'Decision00': 2, 'Decision01': 17, 'Decision02': 21, 'Decision03': 22, 'Decision04': 10, 'Decision05': 6, 'Decision06': 27, 'Decision11': 26, 'Decision12': 12, 'Decision13': 16, 'Decision14': 23, 'Decision15': 18, 'Decision16': 25, 'Decision22': 20, 'Decision23': 24, 'Decision24': 9, 'Decision25': 8, 'Decision26': 28, 'Decision33': 4, 'Decision34': 7, 'Decision35': 13, 'Decision36': 19, 'Decision44': 15, 'Decision45': 5, 'Decision46': 1, 'Decision55': 14, 'Decision56': 3, 'Decision66': 11}","{'Decision0': 3, 'Decision1': 1, 'Decision2': 2, 'Decision3': 7, 'Decision4': 6, 'Decision5': 4, 'Decision6': 5}",44.47,"Prosocial",57,0,1,7,4,6,8,3,4,3,6,2,8,0,2,1,1,3,2,2,2,1,"would like to fully understand how this data will be used and what kind of scenarios will it be applied to. ","2023-12-03T10:00:23.045000Z","2023-12-03T10:18:02.187000Z",1060,35,"Male",0,1,1,1,1,0,1,1,1,1,1,1,0,1,1,1,1,1,1,1,1,1,1,1,1,1,1,1,1,1,1,1,1
"59da7e94416c900001ea5b52",0,"2023-12-03 09:57:49.983333","{'Decision00': 17, 'Decision01': 16, 'Decision02': 6, 'Decision03': 9, 'Decision04': 12, 'Decision05': 28, 'Decision06': 2, 'Decision11': 24, 'Decision12': 23, 'Decision13': 27, 'Decision14': 7, 'Decision15': 19, 'Decision16': 3, 'Decision22': 4, 'Decision23': 1, 'Decision24': 8, 'Decision25': 25, 'Decision26': 14, 'Decision33': 20, 'Decision34': 13, 'Decision35': 5, 'Decision36': 22, 'Decision44': 15, 'Decision45': 21, 'Decision46': 11, 'Decision55': 10, 'Decision56': 26, 'Decision66': 18}","{'Decision0': 6, 'Decision1': 1, 'Decision2': 3, 'Decision3': 4, 'Decision4': 5, 'Decision5': 7, 'Decision6': 2}",37.6,"Prosocial",57,4,8,4,3,2,8,3,0,0,4,4,8,3,0,0,1,3,2,2,2,1,"","2023-12-03T09:57:48.052000Z","2023-12-03T10:18:51.538000Z",1264,38,"Female",0,0,1,1,1,0,0,0,0,1,1,1,0,1,1,1,1,1,1,1,1,1,1,1,1,1,1,1,1,1,1,1,1
"5a8a83a98fe2dc00010624cb",0,"2023-12-03 09:55:12.741283","{'Decision00': 16, 'Decision01': 26, 'Decision02': 2, 'Decision03': 3, 'Decision04': 21, 'Decision05': 15, 'Decision06': 22, 'Decision11': 13, 'Decision12': 9, 'Decision13': 23, 'Decision14': 6, 'Decision15': 25, 'Decision16': 7, 'Decision22': 14, 'Decision23': 8, 'Decision24': 17, 'Decision25': 4, 'Decision26': 18, 'Decision33': 24, 'Decision34': 12, 'Decision35': 19, 'Decision36': 5, 'Decision44': 27, 'Decision45': 28, 'Decision46': 20, 'Decision55': 10, 'Decision56': 1, 'Decision66': 11}","{'Decision0': 3, 'Decision1': 5, 'Decision2': 1, 'Decision3': 6, 'Decision4': 4, 'Decision5': 2, 'Decision6': 7}",16.96,"Individualistic",57,0,8,8,8,0,0,0,8,0,0,8,8,8,0,8,1,3,2,2,2,1,"","2023-12-03T09:55:09.631000Z","2023-12-03T10:07:07.704000Z",719,48,"Female",0,1,1,1,1,0,1,1,1,1,1,1,1,1,1,1,1,1,1,1,1,1,1,1,1,1,1,1,1,1,1,1,1
"5aff33bae55f90000139f664",0,"2023-12-03 09:55:34.779586","{'Decision00': 2, 'Decision01': 26, 'Decision02': 13, 'Decision03': 12, 'Decision04': 4, 'Decision05': 1, 'Decision06': 27, 'Decision11': 14, 'Decision12': 23, 'Decision13': 10, 'Decision14': 21, 'Decision15': 15, 'Decision16': 16, 'Decision22': 22, 'Decision23': 18, 'Decision24': 25, 'Decision25': 3, 'Decision26': 19, 'Decision33': 11, 'Decision34': 17, 'Decision35': 20, 'Decision36': 9, 'Decision44': 24, 'Decision45': 7, 'Decision46': 8, 'Decision55': 6, 'Decision56': 5, 'Decision66': 28}","{'Decision0': 6, 'Decision1': 2, 'Decision2': 4, 'Decision3': 3, 'Decision4': 7, 'Decision5': 1, 'Decision6': 5}",40.03,"Prosocial",57,0,8,8,4,4,5,5,4,3,6,4,7,4,2,2,1,3,2,2,2,1,"","2023-12-03T09:55:32.551000Z","2023-12-03T10:05:47.363000Z",615,36,"Male",0,1,1,1,1,0,0,1,1,1,1,1,1,1,1,1,1,1,1,1,1,1,1,1,1,1,1,1,1,1,1,1,1
"5b226e6138fc0c0001313347",0,"2023-12-03 10:01:06.196572","{'Decision00': 15, 'Decision01': 24, 'Decision02': 3, 'Decision03': 17, 'Decision04': 4, 'Decision05': 5, 'Decision06': 14, 'Decision11': 10, 'Decision12': 20, 'Decision13': 19, 'Decision14': 2, 'Decision15': 6, 'Decision16': 13, 'Decision22': 25, 'Decision23': 9, 'Decision24': 18, 'Decision25': 23, 'Decision26': 12, 'Decision33': 1, 'Decision34': 27, 'Decision35': 11, 'Decision36': 7, 'Decision44': 22, 'Decision45': 26, 'Decision46': 21, 'Decision55': 28, 'Decision56': 16, 'Decision66': 8}","{'Decision0': 5, 'Decision1': 1, 'Decision2': 4, 'Decision3': 6, 'Decision4': 2, 'Decision5': 7, 'Decision6': 3}",40.14,"Prosocial",57,0,8,8,4,4,8,5,4,2,6,5,7,4,2,2,1,3,2,2,2,1,"","2023-12-03T10:01:01.263000Z","2023-12-03T10:12:28.358000Z",688,61,"Female",0,0,1,1,1,0,0,0,0,1,1,1,1,0,1,1,1,1,1,1,1,1,1,1,1,1,1,1,1,1,1,1,1
"5b6c3f7111503f00015849d6",0,"2023-12-03 10:00:36.020173","{'Decision00': 4, 'Decision01': 21, 'Decision02': 25, 'Decision03': 6, 'Decision04': 17, 'Decision05': 19, 'Decision06': 22, 'Decision11': 5, 'Decision12': 14, 'Decision13': 8, 'Decision14': 16, 'Decision15': 3, 'Decision16': 28, 'Decision22': 27, 'Decision23': 7, 'Decision24': 1, 'Decision25': 2, 'Decision26': 26, 'Decision33': 12, 'Decision34': 9, 'Decision35': 24, 'Decision36': 20, 'Decision44': 23, 'Decision45': 18, 'Decision46': 13, 'Decision55': 15, 'Decision56': 10, 'Decision66': 11}","{'Decision0': 5, 'Decision1': 7, 'Decision2': 4, 'Decision3': 2, 'Decision4': 3, 'Decision5': 6, 'Decision6': 1}",41.14,"Prosocial",57,0,8,8,4,4,8,5,4,3,6,4,7,4,2,2,1,3,2,2,2,1,"","2023-12-03T10:00:21.592000Z","2023-12-03T10:17:11.022000Z",1010,35,"Male",0,1,1,1,0,0,0,0,1,1,1,1,0,1,1,1,1,1,1,1,1,1,1,1,1,1,1,1,1,1,1,1,1
"5bc1c9dd9fffb200019bebe1",0,"2023-12-03 09:58:31.397655","{'Decision00': 2, 'Decision01': 26, 'Decision02': 11, 'Decision03': 16, 'Decision04': 6, 'Decision05': 22, 'Decision06': 19, 'Decision11': 21, 'Decision12': 10, 'Decision13': 8, 'Decision14': 12, 'Decision15': 24, 'Decision16': 27, 'Decision22': 18, 'Decision23': 23, 'Decision24': 20, 'Decision25': 3, 'Decision26': 17, 'Decision33': 13, 'Decision34': 25, 'Decision35': 7, 'Decision36': 14, 'Decision44': 9, 'Decision45': 28, 'Decision46': 1, 'Decision55': 15, 'Decision56': 4, 'Decision66': 5}","{'Decision0': 3, 'Decision1': 2, 'Decision2': 7, 'Decision3': 6, 'Decision4': 1, 'Decision5': 4, 'Decision6': 5}",39,"Prosocial",57,0,8,8,4,4,8,4,8,2,6,5,8,4,0,0,1,3,2,2,2,1,"Have a nice day!","2023-12-03T09:58:28.728000Z","2023-12-03T10:11:23.084000Z",775,43,"Male",0,0,1,1,1,0,0,0,1,1,1,1,0,1,1,1,1,1,1,1,1,1,1,1,1,1,1,1,1,1,1,1,1
"5c067e6329abc0000199ae45",0,"2023-12-03 10:01:01.732740","{'Decision00': 2, 'Decision01': 12, 'Decision02': 23, 'Decision03': 14, 'Decision04': 6, 'Decision05': 7, 'Decision06': 5, 'Decision11': 11, 'Decision12': 24, 'Decision13': 10, 'Decision14': 21, 'Decision15': 26, 'Decision16': 18, 'Decision22': 8, 'Decision23': 22, 'Decision24': 27, 'Decision25': 17, 'Decision26': 19, 'Decision33': 9, 'Decision34': 15, 'Decision35': 13, 'Decision36': 3, 'Decision44': 25, 'Decision45': 28, 'Decision46': 1, 'Decision55': 4, 'Decision56': 16, 'Decision66': 20}","{'Decision0': 7, 'Decision1': 6, 'Decision2': 1, 'Decision3': 3, 'Decision4': 2, 'Decision5': 4, 'Decision6': 5}",41.14,"Prosocial",57,0,8,8,4,4,8,5,4,3,6,4,7,4,2,2,1,3,2,2,2,1,"Interesting game/task!","2023-12-03T10:00:59.288000Z","2023-12-03T10:07:55.658000Z",417,24,"Male",0,1,1,1,1,0,0,0,1,1,1,1,0,1,1,1,1,1,1,1,1,1,1,1,1,1,1,1,1,1,1,1,1
"5c5378fa54f9d30001db1a73",0,"2023-12-03 09:57:50.510263","{'Decision00': 25, 'Decision01': 2, 'Decision02': 18, 'Decision03': 4, 'Decision04': 26, 'Decision05': 11, 'Decision06': 7, 'Decision11': 21, 'Decision12': 23, 'Decision13': 16, 'Decision14': 24, 'Decision15': 14, 'Decision16': 17, 'Decision22': 12, 'Decision23': 6, 'Decision24': 27, 'Decision25': 20, 'Decision26': 1, 'Decision33': 13, 'Decision34': 19, 'Decision35': 28, 'Decision36': 10, 'Decision44': 15, 'Decision45': 5, 'Decision46': 8, 'Decision55': 9, 'Decision56': 22, 'Decision66': 3}","{'Decision0': 4, 'Decision1': 6, 'Decision2': 1, 'Decision3': 5, 'Decision4': 2, 'Decision5': 7, 'Decision6': 3}",42.47,"Prosocial",57,0,8,8,3,4,8,5,4,3,6,4,7,4,2,1,1,3,2,2,2,1,"","2023-12-03T09:57:46.720000Z","2023-12-03T10:13:33.679000Z",947,24,"Female",0,0,1,1,1,0,0,0,1,1,1,1,0,1,1,1,1,1,1,1,1,1,1,1,1,1,1,1,1,1,1,1,1
"5cb33df2f9357c00146a82d4",0,"2023-12-03 10:00:09.265507","{'Decision00': 23, 'Decision01': 24, 'Decision02': 21, 'Decision03': 1, 'Decision04': 27, 'Decision05': 10, 'Decision06': 16, 'Decision11': 28, 'Decision12': 6, 'Decision13': 3, 'Decision14': 2, 'Decision15': 8, 'Decision16': 19, 'Decision22': 7, 'Decision23': 5, 'Decision24': 25, 'Decision25': 22, 'Decision26': 9, 'Decision33': 17, 'Decision34': 20, 'Decision35': 15, 'Decision36': 13, 'Decision44': 18, 'Decision45': 14, 'Decision46': 26, 'Decision55': 4, 'Decision56': 11, 'Decision66': 12}","{'Decision0': 7, 'Decision1': 2, 'Decision2': 3, 'Decision3': 5, 'Decision4': 1, 'Decision5': 4, 'Decision6': 6}",41.47,"Prosocial",57,0,8,8,4,4,8,5,5,3,6,4,6,4,2,2,1,3,2,2,2,1,"","2023-12-03T10:00:04.601000Z","2023-12-03T10:11:26.923000Z",683,41,"Female",0,1,1,1,1,0,1,1,1,1,1,1,1,1,1,1,1,1,1,1,1,1,1,1,1,1,1,1,1,1,1,1,1
"5d00bb3b51669b000136a986",0,"2023-12-03 10:47:48.916346","{'Decision00': 9, 'Decision01': 7, 'Decision02': 8, 'Decision03': 19, 'Decision04': 23, 'Decision05': 15, 'Decision06': 18, 'Decision11': 25, 'Decision12': 17, 'Decision13': 6, 'Decision14': 10, 'Decision15': 14, 'Decision16': 4, 'Decision22': 16, 'Decision23': 26, 'Decision24': 12, 'Decision25': 24, 'Decision26': 5, 'Decision33': 2, 'Decision34': 13, 'Decision35': 1, 'Decision36': 21, 'Decision44': 22, 'Decision45': 27, 'Decision46': 11, 'Decision55': 20, 'Decision56': 28, 'Decision66': 3}","{'Decision0': 2, 'Decision1': 6, 'Decision2': 5, 'Decision3': 3, 'Decision4': 4, 'Decision5': 1, 'Decision6': 7}",26.64,"Prosocial",57,4,7,8,6,2,6,3,6,1,3,8,6,6,1,5,1,3,2,2,2,1,"Very interesting study. Thank you. Best regards.","2023-12-03T10:47:43.497000Z","2023-12-03T11:02:27.304000Z",884,41,"Male",0,1,1,1,1,0,0,1,1,1,1,1,0,1,1,1,1,1,1,1,1,1,1,1,1,1,1,1,1,1,1,1,1
"5d02695334bace00012a468c",0,"2023-12-03 09:56:09.388044","{'Decision00': 8, 'Decision01': 4, 'Decision02': 25, 'Decision03': 9, 'Decision04': 17, 'Decision05': 22, 'Decision06': 13, 'Decision11': 2, 'Decision12': 24, 'Decision13': 11, 'Decision14': 15, 'Decision15': 5, 'Decision16': 19, 'Decision22': 14, 'Decision23': 20, 'Decision24': 27, 'Decision25': 18, 'Decision26': 16, 'Decision33': 3, 'Decision34': 21, 'Decision35': 12, 'Decision36': 1, 'Decision44': 6, 'Decision45': 23, 'Decision46': 7, 'Decision55': 26, 'Decision56': 10, 'Decision66': 28}","{'Decision0': 3, 'Decision1': 2, 'Decision2': 5, 'Decision3': 4, 'Decision4': 7, 'Decision5': 6, 'Decision6': 1}",14.54,"Individualistic",57,1,2,8,8,0,0,0,8,0,0,8,8,8,0,8,1,3,2,2,2,1,"","2023-12-03T09:56:07.286000Z","2023-12-03T10:09:34.392000Z",808,26,"Male",0,0,1,1,1,0,0,0,0,1,1,1,0,0,1,1,1,1,1,1,1,1,1,1,1,1,1,1,1,1,1,1,1
"5d59f3f2a17435001740590f",0,"2023-12-03 09:58:20.807798","{'Decision00': 14, 'Decision01': 18, 'Decision02': 25, 'Decision03': 9, 'Decision04': 23, 'Decision05': 22, 'Decision06': 20, 'Decision11': 26, 'Decision12': 24, 'Decision13': 10, 'Decision14': 1, 'Decision15': 8, 'Decision16': 13, 'Decision22': 2, 'Decision23': 3, 'Decision24': 27, 'Decision25': 21, 'Decision26': 5, 'Decision33': 15, 'Decision34': 11, 'Decision35': 6, 'Decision36': 17, 'Decision44': 28, 'Decision45': 12, 'Decision46': 19, 'Decision55': 16, 'Decision56': 7, 'Decision66': 4}","{'Decision0': 5, 'Decision1': 6, 'Decision2': 3, 'Decision3': 2, 'Decision4': 4, 'Decision5': 7, 'Decision6': 1}",35.23,"Prosocial",57,0,0,8,4,4,8,4,4,2,0,4,8,4,0,3,1,3,2,2,2,1,"I am not greedy and I believe that the ""P1"" AND ""P2"" partners should equally get their chance.... Especially since there was enough for everyone! :)  The proposed bonus distributions were, in my opinion, extremely fair.","2023-12-03T09:58:16.168000Z","2023-12-03T10:33:31.040000Z",2115,65,"Male",1,1,1,1,1,1,1,1,1,1,1,1,1,1,1,1,1,1,1,1,1,1,1,1,1,1,1,1,1,1,1,1,1
"5d625480669d160018e45b48",0,"2023-12-03 09:56:30.666806","{'Decision00': 24, 'Decision01': 5, 'Decision02': 26, 'Decision03': 11, 'Decision04': 9, 'Decision05': 16, 'Decision06': 13, 'Decision11': 20, 'Decision12': 14, 'Decision13': 23, 'Decision14': 12, 'Decision15': 10, 'Decision16': 1, 'Decision22': 7, 'Decision23': 17, 'Decision24': 6, 'Decision25': 15, 'Decision26': 25, 'Decision33': 27, 'Decision34': 28, 'Decision35': 8, 'Decision36': 18, 'Decision44': 21, 'Decision45': 22, 'Decision46': 19, 'Decision55': 4, 'Decision56': 3, 'Decision66': 2}","{'Decision0': 5, 'Decision1': 1, 'Decision2': 4, 'Decision3': 6, 'Decision4': 3, 'Decision5': 2, 'Decision6': 7}",20.41,"Individualistic",57,6,4,8,6,1,3,1,8,1,2,7,8,6,0,5,1,3,2,2,2,1,"","2023-12-03T09:56:27.472000Z","2023-12-03T10:08:21.297000Z",714,37,"Male",0,1,1,1,1,0,0,0,0,1,1,1,0,0,1,1,1,1,1,1,1,1,1,1,1,1,1,1,1,1,1,1,1
"5d66b4f503b0d900195ca627",0,"2023-12-03 09:55:46.273324","{'Decision00': 4, 'Decision01': 24, 'Decision02': 1, 'Decision03': 23, 'Decision04': 18, 'Decision05': 8, 'Decision06': 26, 'Decision11': 2, 'Decision12': 27, 'Decision13': 19, 'Decision14': 12, 'Decision15': 6, 'Decision16': 25, 'Decision22': 15, 'Decision23': 10, 'Decision24': 3, 'Decision25': 5, 'Decision26': 11, 'Decision33': 17, 'Decision34': 13, 'Decision35': 21, 'Decision36': 16, 'Decision44': 7, 'Decision45': 22, 'Decision46': 14, 'Decision55': 20, 'Decision56': 28, 'Decision66': 9}","{'Decision0': 1, 'Decision1': 6, 'Decision2': 2, 'Decision3': 5, 'Decision4': 3, 'Decision5': 4, 'Decision6': 7}",41.14,"Prosocial",57,0,8,8,4,4,8,5,4,3,6,4,7,4,2,2,1,3,2,2,2,1,"no feedback.","2023-12-03T09:55:36.099000Z","2023-12-03T10:13:36.091000Z",1080,58,"Male",1,1,1,1,1,1,1,1,1,1,1,1,1,1,1,1,1,1,1,1,1,1,1,1,1,1,1,1,1,1,1,1,1
"5d89d199b97096000113dbd7",0,"2023-12-03 09:57:25.887649","{'Decision00': 16, 'Decision01': 3, 'Decision02': 8, 'Decision03': 6, 'Decision04': 24, 'Decision05': 18, 'Decision06': 22, 'Decision11': 1, 'Decision12': 7, 'Decision13': 25, 'Decision14': 2, 'Decision15': 9, 'Decision16': 27, 'Decision22': 12, 'Decision23': 5, 'Decision24': 26, 'Decision25': 15, 'Decision26': 11, 'Decision33': 17, 'Decision34': 14, 'Decision35': 21, 'Decision36': 20, 'Decision44': 10, 'Decision45': 13, 'Decision46': 4, 'Decision55': 19, 'Decision56': 23, 'Decision66': 28}","{'Decision0': 6, 'Decision1': 4, 'Decision2': 2, 'Decision3': 1, 'Decision4': 7, 'Decision5': 5, 'Decision6': 3}",39.75,"Prosocial",57,0,0,8,4,4,8,5,4,3,6,4,7,4,2,2,1,3,2,2,2,1,"","2023-12-03T09:57:21.335000Z","2023-12-03T10:09:33.788000Z",733,30,"Female",0,0,1,1,1,0,0,0,0,1,1,1,0,0,1,1,1,1,1,1,1,1,1,1,1,1,1,1,1,1,1,1,1
"5dcd750828792003fc23dc39",0,"2023-12-01 12:21:00.169544","{'Decision00': 11, 'Decision01': 16, 'Decision02': 15, 'Decision03': 27, 'Decision04': 1, 'Decision05': 12, 'Decision06': 10, 'Decision11': 22, 'Decision12': 6, 'Decision13': 24, 'Decision14': 2, 'Decision15': 18, 'Decision16': 17, 'Decision22': 8, 'Decision23': 9, 'Decision24': 23, 'Decision25': 5, 'Decision26': 19, 'Decision33': 25, 'Decision34': 21, 'Decision35': 26, 'Decision36': 3, 'Decision44': 14, 'Decision45': 28, 'Decision46': 13, 'Decision55': 4, 'Decision56': 20, 'Decision66': 7}","{'Decision0': 1, 'Decision1': 5, 'Decision2': 7, 'Decision3': 4, 'Decision4': 6, 'Decision5': 2, 'Decision6': 3}",16.96,"Individualistic",57,0,8,8,8,0,0,0,8,0,0,8,8,8,0,8,1,3,2,2,2,1,"","2023-12-01T12:20:57.930000Z","2023-12-01T12:28:58.632000Z",481,36,"Male",0,0,1,1,1,0,0,0,0,1,1,1,0,0,1,1,1,1,1,1,1,1,1,1,1,1,1,1,1,1,1,1,1
"5df248b94f849e152853d18d",0,"2023-12-03 09:57:54.248364","{'Decision00': 10, 'Decision01': 14, 'Decision02': 7, 'Decision03': 21, 'Decision04': 23, 'Decision05': 16, 'Decision06': 12, 'Decision11': 19, 'Decision12': 11, 'Decision13': 2, 'Decision14': 15, 'Decision15': 3, 'Decision16': 24, 'Decision22': 22, 'Decision23': 5, 'Decision24': 13, 'Decision25': 8, 'Decision26': 28, 'Decision33': 18, 'Decision34': 20, 'Decision35': 25, 'Decision36': 27, 'Decision44': 6, 'Decision45': 1, 'Decision46': 4, 'Decision55': 17, 'Decision56': 26, 'Decision66': 9}","{'Decision0': 7, 'Decision1': 5, 'Decision2': 3, 'Decision3': 2, 'Decision4': 1, 'Decision5': 4, 'Decision6': 6}",12.11,"Individualistic",57,6,2,8,7,0,0,0,8,0,0,8,8,8,0,8,1,3,2,2,2,1,"","2023-12-03T09:57:50.002000Z","2023-12-03T10:09:22.040000Z",693,37,"Female",0,1,1,1,0,0,0,0,1,1,1,1,0,1,1,1,1,1,1,1,1,1,1,1,1,1,1,1,1,1,1,1,1
"5e31e6491faa251bf58151ce",0,"2023-12-03 10:01:43.998493","{'Decision00': 3, 'Decision01': 17, 'Decision02': 14, 'Decision03': 24, 'Decision04': 21, 'Decision05': 28, 'Decision06': 22, 'Decision11': 25, 'Decision12': 10, 'Decision13': 8, 'Decision14': 15, 'Decision15': 9, 'Decision16': 11, 'Decision22': 4, 'Decision23': 6, 'Decision24': 5, 'Decision25': 12, 'Decision26': 20, 'Decision33': 16, 'Decision34': 13, 'Decision35': 26, 'Decision36': 18, 'Decision44': 7, 'Decision45': 1, 'Decision46': 2, 'Decision55': 19, 'Decision56': 27, 'Decision66': 23}","{'Decision0': 1, 'Decision1': 2, 'Decision2': 5, 'Decision3': 4, 'Decision4': 7, 'Decision5': 6, 'Decision6': 3}",26.93,"Prosocial",57,3,8,8,7,1,1,1,5,3,6,6,8,5,2,3,1,3,2,2,2,1,"","2023-12-03T10:01:38.063000Z","2023-12-03T10:30:25.385000Z",1728,46,"Male",0,0,1,1,1,0,0,0,0,1,1,1,0,0,1,1,1,1,1,1,1,1,1,1,1,1,1,1,1,1,1,1,1
"5e7d0f8da0271f387aa51286",0,"2023-12-01 12:19:43.843134","{'Decision00': 2, 'Decision01': 6, 'Decision02': 20, 'Decision03': 8, 'Decision04': 1, 'Decision05': 17, 'Decision06': 12, 'Decision11': 5, 'Decision12': 14, 'Decision13': 27, 'Decision14': 3, 'Decision15': 21, 'Decision16': 28, 'Decision22': 9, 'Decision23': 18, 'Decision24': 16, 'Decision25': 22, 'Decision26': 26, 'Decision33': 19, 'Decision34': 13, 'Decision35': 23, 'Decision36': 11, 'Decision44': 15, 'Decision45': 25, 'Decision46': 10, 'Decision55': 24, 'Decision56': 7, 'Decision66': 4}","{'Decision0': 2, 'Decision1': 1, 'Decision2': 4, 'Decision3': 5, 'Decision4': 6, 'Decision5': 3, 'Decision6': 7}",36.44,"Prosocial",57,8,0,8,3,4,8,5,4,3,6,4,7,4,2,1,1,3,2,2,2,1,"","2023-12-01T12:19:41.002000Z","2023-12-01T12:34:47.634000Z",907,34,"Female",0,0,1,0,0,0,0,0,0,1,0,0,0,0,1,0,0,0,1,0,0,0,0,0,0,0,0,0,0,0,0,0,0
"5e822c59f5008e94980d09e1",0,"2023-12-03 09:57:55.894226","{'Decision00': 19, 'Decision01': 14, 'Decision02': 25, 'Decision03': 18, 'Decision04': 12, 'Decision05': 20, 'Decision06': 8, 'Decision11': 28, 'Decision12': 24, 'Decision13': 2, 'Decision14': 27, 'Decision15': 16, 'Decision16': 26, 'Decision22': 15, 'Decision23': 3, 'Decision24': 9, 'Decision25': 21, 'Decision26': 17, 'Decision33': 7, 'Decision34': 11, 'Decision35': 4, 'Decision36': 1, 'Decision44': 10, 'Decision45': 23, 'Decision46': 5, 'Decision55': 13, 'Decision56': 6, 'Decision66': 22}","{'Decision0': 2, 'Decision1': 3, 'Decision2': 6, 'Decision3': 1, 'Decision4': 7, 'Decision5': 5, 'Decision6': 4}",37.44,"Prosocial",57,3,4,8,4,4,7,5,6,3,6,4,7,5,2,2,1,3,2,2,2,1,"","2023-12-03T09:57:53.069000Z","2023-12-03T10:12:18.448000Z",866,36,"Female",0,0,1,1,1,0,1,0,1,1,1,1,1,1,1,1,1,1,1,1,1,1,1,1,1,1,1,1,1,1,0,1,0
"5e823b35726b2a9508db127c",0,"2023-12-03 10:00:51.056184","{'Decision00': 19, 'Decision01': 12, 'Decision02': 11, 'Decision03': 18, 'Decision04': 21, 'Decision05': 4, 'Decision06': 20, 'Decision11': 1, 'Decision12': 23, 'Decision13': 14, 'Decision14': 17, 'Decision15': 15, 'Decision16': 9, 'Decision22': 24, 'Decision23': 13, 'Decision24': 28, 'Decision25': 16, 'Decision26': 3, 'Decision33': 6, 'Decision34': 22, 'Decision35': 2, 'Decision36': 7, 'Decision44': 26, 'Decision45': 5, 'Decision46': 8, 'Decision55': 10, 'Decision56': 27, 'Decision66': 25}","{'Decision0': 5, 'Decision1': 3, 'Decision2': 7, 'Decision3': 2, 'Decision4': 1, 'Decision5': 6, 'Decision6': 4}",37.85,"Prosocial",57,0,8,8,4,4,6,5,8,2,5,5,7,5,2,2,1,3,2,2,2,1,"","2023-12-03T10:00:44.766000Z","2023-12-03T10:15:48.269000Z",904,25,"Male",0,1,1,1,1,0,1,1,1,1,1,1,1,1,1,1,1,1,1,1,1,1,1,1,1,1,1,1,1,1,1,1,1
"5e9b7a9f14bd72000b930312",0,"2023-12-01 12:22:33.073789","{'Decision00': 2, 'Decision01': 4, 'Decision02': 11, 'Decision03': 5, 'Decision04': 17, 'Decision05': 20, 'Decision06': 23, 'Decision11': 14, 'Decision12': 12, 'Decision13': 27, 'Decision14': 21, 'Decision15': 1, 'Decision16': 25, 'Decision22': 28, 'Decision23': 8, 'Decision24': 24, 'Decision25': 6, 'Decision26': 26, 'Decision33': 3, 'Decision34': 16, 'Decision35': 13, 'Decision36': 22, 'Decision44': 7, 'Decision45': 19, 'Decision46': 10, 'Decision55': 18, 'Decision56': 15, 'Decision66': 9}","{'Decision0': 6, 'Decision1': 7, 'Decision2': 1, 'Decision3': 4, 'Decision4': 3, 'Decision5': 5, 'Decision6': 2}",36.11,"Prosocial",57,0,8,8,8,4,3,5,4,3,6,4,6,4,2,2,1,3,2,2,2,1,"","2023-12-01T12:21:00.064000Z","2023-12-01T12:33:40.117000Z",761,22,"Female",1,0,1,1,1,0,0,1,1,1,1,1,0,1,1,1,1,1,1,1,1,1,1,1,1,1,1,1,1,1,1,1,1
"5ec117586575405278a71dec",0,"2023-12-03 09:56:52.993012","{'Decision00': 20, 'Decision01': 26, 'Decision02': 11, 'Decision03': 14, 'Decision04': 3, 'Decision05': 7, 'Decision06': 28, 'Decision11': 27, 'Decision12': 8, 'Decision13': 1, 'Decision14': 9, 'Decision15': 12, 'Decision16': 19, 'Decision22': 10, 'Decision23': 16, 'Decision24': 25, 'Decision25': 22, 'Decision26': 21, 'Decision33': 4, 'Decision34': 15, 'Decision35': 6, 'Decision36': 18, 'Decision44': 24, 'Decision45': 13, 'Decision46': 17, 'Decision55': 5, 'Decision56': 2, 'Decision66': 23}","{'Decision0': 2, 'Decision1': 1, 'Decision2': 4, 'Decision3': 6, 'Decision4': 5, 'Decision5': 7, 'Decision6': 3}",40.27,"Prosocial",57,0,8,8,4,4,6,5,5,3,6,4,7,4,2,2,1,3,2,2,2,1,"","2023-12-03T09:56:50.229000Z","2023-12-03T10:05:21.743000Z",512,31,"Male",0,1,1,1,1,0,0,1,1,1,1,1,1,1,1,1,1,1,1,1,1,1,1,1,1,1,1,1,1,1,1,1,1
"5ee3f064a8437f0ca8cafe96",0,"2023-12-03 10:01:43.027309","{'Decision00': 7, 'Decision01': 11, 'Decision02': 9, 'Decision03': 19, 'Decision04': 17, 'Decision05': 24, 'Decision06': 10, 'Decision11': 28, 'Decision12': 22, 'Decision13': 21, 'Decision14': 20, 'Decision15': 23, 'Decision16': 18, 'Decision22': 16, 'Decision23': 1, 'Decision24': 3, 'Decision25': 15, 'Decision26': 13, 'Decision33': 27, 'Decision34': 14, 'Decision35': 12, 'Decision36': 8, 'Decision44': 4, 'Decision45': 25, 'Decision46': 5, 'Decision55': 6, 'Decision56': 26, 'Decision66': 2}","{'Decision0': 4, 'Decision1': 1, 'Decision2': 5, 'Decision3': 7, 'Decision4': 2, 'Decision5': 6, 'Decision6': 3}",34.82,"Prosocial",57,4,8,7,4,2,8,5,5,0,6,5,7,4,1,3,1,3,2,2,2,1,"","2023-12-03T10:01:28.502000Z","2023-12-03T10:12:33.860000Z",666,19,"Female",0,1,1,1,1,0,0,1,1,1,1,1,1,1,1,1,1,1,1,1,1,1,0,1,1,1,1,1,1,1,1,1,1
"5efb2d098c96a40459575a3f",0,"2023-12-03 10:01:15.180682","{'Decision00': 7, 'Decision01': 16, 'Decision02': 14, 'Decision03': 24, 'Decision04': 10, 'Decision05': 26, 'Decision06': 19, 'Decision11': 3, 'Decision12': 11, 'Decision13': 2, 'Decision14': 18, 'Decision15': 6, 'Decision16': 27, 'Decision22': 13, 'Decision23': 17, 'Decision24': 1, 'Decision25': 4, 'Decision26': 9, 'Decision33': 28, 'Decision34': 15, 'Decision35': 20, 'Decision36': 23, 'Decision44': 5, 'Decision45': 8, 'Decision46': 22, 'Decision55': 21, 'Decision56': 25, 'Decision66': 12}","{'Decision0': 7, 'Decision1': 6, 'Decision2': 1, 'Decision3': 2, 'Decision4': 4, 'Decision5': 3, 'Decision6': 5}",41.61,"Prosocial",57,0,8,8,4,4,8,5,4,3,6,4,7,4,2,1,1,3,2,2,2,1,"","2023-12-03T10:01:05.439000Z","2023-12-03T10:13:43.032000Z",758,22,"Male",1,1,1,1,1,1,1,1,1,1,1,1,1,1,1,1,1,1,1,1,1,1,1,1,1,1,1,1,1,1,1,1,1
"5f14dbbb791d175744d71a09",0,"2023-12-03 09:56:52.536356","{'Decision00': 11, 'Decision01': 23, 'Decision02': 17, 'Decision03': 1, 'Decision04': 21, 'Decision05': 25, 'Decision06': 16, 'Decision11': 26, 'Decision12': 24, 'Decision13': 5, 'Decision14': 13, 'Decision15': 3, 'Decision16': 2, 'Decision22': 20, 'Decision23': 28, 'Decision24': 14, 'Decision25': 22, 'Decision26': 19, 'Decision33': 27, 'Decision34': 7, 'Decision35': 4, 'Decision36': 15, 'Decision44': 18, 'Decision45': 12, 'Decision46': 8, 'Decision55': 10, 'Decision56': 9, 'Decision66': 6}","{'Decision0': 7, 'Decision1': 4, 'Decision2': 1, 'Decision3': 3, 'Decision4': 6, 'Decision5': 2, 'Decision6': 5}",41.14,"Prosocial",57,0,8,8,4,4,8,5,4,3,6,4,7,4,2,2,1,3,2,2,2,1,"","2023-12-03T09:56:50.041000Z","2023-12-03T10:07:10.401000Z",621,23,"Male",0,1,1,1,1,0,1,1,1,1,1,1,1,1,1,1,1,1,1,1,1,1,1,1,1,1,1,1,1,1,1,1,1
"5f1ea02746999b87b4489f36",0,"2023-12-03 09:58:13.662499","{'Decision00': 12, 'Decision01': 26, 'Decision02': 2, 'Decision03': 27, 'Decision04': 23, 'Decision05': 18, 'Decision06': 15, 'Decision11': 25, 'Decision12': 10, 'Decision13': 7, 'Decision14': 22, 'Decision15': 1, 'Decision16': 3, 'Decision22': 8, 'Decision23': 16, 'Decision24': 21, 'Decision25': 13, 'Decision26': 24, 'Decision33': 17, 'Decision34': 9, 'Decision35': 11, 'Decision36': 28, 'Decision44': 14, 'Decision45': 19, 'Decision46': 6, 'Decision55': 4, 'Decision56': 20, 'Decision66': 5}","{'Decision0': 4, 'Decision1': 5, 'Decision2': 6, 'Decision3': 2, 'Decision4': 3, 'Decision5': 1, 'Decision6': 7}",30.76,"Prosocial",57,0,8,8,8,1,7,1,4,2,5,6,7,4,1,2,1,3,2,2,2,1,"","2023-12-03T09:58:09.537000Z","2023-12-03T10:10:13.377000Z",724,22,"Male",0,0,1,1,1,0,0,1,1,1,1,0,0,0,1,1,1,1,1,1,1,1,1,1,1,1,1,1,1,1,1,1,1
"5f2c5f0fafada410f1c45107",0,"2023-12-01 12:20:42.007568","{'Decision00': 17, 'Decision01': 27, 'Decision02': 3, 'Decision03': 20, 'Decision04': 9, 'Decision05': 14, 'Decision06': 7, 'Decision11': 4, 'Decision12': 18, 'Decision13': 13, 'Decision14': 10, 'Decision15': 22, 'Decision16': 8, 'Decision22': 6, 'Decision23': 28, 'Decision24': 16, 'Decision25': 11, 'Decision26': 21, 'Decision33': 25, 'Decision34': 1, 'Decision35': 2, 'Decision36': 15, 'Decision44': 23, 'Decision45': 12, 'Decision46': 26, 'Decision55': 5, 'Decision56': 24, 'Decision66': 19}","{'Decision0': 5, 'Decision1': 7, 'Decision2': 4, 'Decision3': 6, 'Decision4': 1, 'Decision5': 3, 'Decision6': 2}",41.03,"Prosocial",57,0,8,8,4,4,8,5,5,3,6,4,7,4,2,2,1,3,2,2,2,1,"",NA,NA,NA,NA,NA,1,1,1,1,1,1,1,1,1,1,1,1,1,1,1,1,1,1,1,1,1,1,1,1,1,1,1,1,1,1,1,1,1
"5f31827ebfee1603f70d0df2",0,"2023-12-03 09:56:50.939155","{'Decision00': 27, 'Decision01': 21, 'Decision02': 26, 'Decision03': 11, 'Decision04': 4, 'Decision05': 15, 'Decision06': 22, 'Decision11': 14, 'Decision12': 20, 'Decision13': 10, 'Decision14': 7, 'Decision15': 23, 'Decision16': 12, 'Decision22': 5, 'Decision23': 18, 'Decision24': 17, 'Decision25': 24, 'Decision26': 6, 'Decision33': 2, 'Decision34': 28, 'Decision35': 19, 'Decision36': 13, 'Decision44': 8, 'Decision45': 3, 'Decision46': 25, 'Decision55': 16, 'Decision56': 9, 'Decision66': 1}","{'Decision0': 3, 'Decision1': 5, 'Decision2': 2, 'Decision3': 7, 'Decision4': 1, 'Decision5': 6, 'Decision6': 4}",41.14,"Prosocial",57,0,8,8,4,4,8,5,4,3,6,4,7,4,2,2,1,3,2,2,2,1,"","2023-12-03T09:56:48.424000Z","2023-12-03T10:06:54.689000Z",607,30,NA,0,1,1,1,1,0,1,1,1,1,1,1,1,1,1,1,1,1,1,1,1,1,1,1,1,1,1,1,1,1,1,1,1
"5f453d4e4402ed0de98c3406",0,"2023-12-03 10:01:15.908178","{'Decision00': 5, 'Decision01': 6, 'Decision02': 16, 'Decision03': 20, 'Decision04': 10, 'Decision05': 18, 'Decision06': 17, 'Decision11': 26, 'Decision12': 13, 'Decision13': 19, 'Decision14': 7, 'Decision15': 8, 'Decision16': 15, 'Decision22': 23, 'Decision23': 25, 'Decision24': 22, 'Decision25': 21, 'Decision26': 9, 'Decision33': 3, 'Decision34': 28, 'Decision35': 11, 'Decision36': 24, 'Decision44': 27, 'Decision45': 12, 'Decision46': 1, 'Decision55': 2, 'Decision56': 14, 'Decision66': 4}","{'Decision0': 6, 'Decision1': 7, 'Decision2': 5, 'Decision3': 3, 'Decision4': 4, 'Decision5': 2, 'Decision6': 1}",42.45,"Prosocial",57,0,8,8,3,4,8,5,4,3,6,4,6,4,2,2,1,3,2,2,2,1,"","2023-12-03T10:01:11.476000Z","2023-12-03T10:15:49.882000Z",879,23,"Male",1,1,1,1,1,1,1,1,1,1,1,1,1,1,1,1,1,1,1,1,1,1,1,1,1,1,1,1,1,1,1,1,1
"5f7c29e439b773000a920a49",0,"2023-12-03 10:00:35.294196","{'Decision00': 7, 'Decision01': 13, 'Decision02': 24, 'Decision03': 16, 'Decision04': 25, 'Decision05': 1, 'Decision06': 4, 'Decision11': 5, 'Decision12': 20, 'Decision13': 19, 'Decision14': 26, 'Decision15': 15, 'Decision16': 9, 'Decision22': 8, 'Decision23': 6, 'Decision24': 3, 'Decision25': 12, 'Decision26': 14, 'Decision33': 11, 'Decision34': 18, 'Decision35': 23, 'Decision36': 28, 'Decision44': 21, 'Decision45': 10, 'Decision46': 27, 'Decision55': 17, 'Decision56': 2, 'Decision66': 22}","{'Decision0': 3, 'Decision1': 4, 'Decision2': 7, 'Decision3': 5, 'Decision4': 2, 'Decision5': 6, 'Decision6': 1}",9.06,"Individualistic",57,8,0,8,8,0,0,0,8,0,0,8,8,8,0,8,1,3,2,2,2,1,"i just wanted all, the most for myself, and  less for others, even i get less, but others got more less than me.","2023-12-03T10:00:31.884000Z","2023-12-03T10:14:41.099000Z",850,35,"Male",0,0,0,1,0,0,0,0,0,1,1,1,0,0,0,1,1,1,1,1,1,1,1,1,1,1,1,1,1,1,1,1,1
"5f937384fdbecb149377f59e",0,"2023-12-03 09:59:34.965230","{'Decision00': 3, 'Decision01': 5, 'Decision02': 23, 'Decision03': 27, 'Decision04': 17, 'Decision05': 8, 'Decision06': 28, 'Decision11': 15, 'Decision12': 26, 'Decision13': 7, 'Decision14': 24, 'Decision15': 14, 'Decision16': 1, 'Decision22': 12, 'Decision23': 2, 'Decision24': 18, 'Decision25': 11, 'Decision26': 21, 'Decision33': 20, 'Decision34': 10, 'Decision35': 13, 'Decision36': 9, 'Decision44': 19, 'Decision45': 6, 'Decision46': 22, 'Decision55': 16, 'Decision56': 25, 'Decision66': 4}","{'Decision0': 4, 'Decision1': 1, 'Decision2': 2, 'Decision3': 5, 'Decision4': 6, 'Decision5': 7, 'Decision6': 3}",27.1,"Prosocial",57,1,8,8,8,2,2,1,8,0,6,5,8,5,1,2,1,3,2,2,2,1,"","2023-12-03T09:59:31.956000Z","2023-12-03T10:13:11.857000Z",820,22,"Female",0,1,1,1,1,0,0,0,1,1,1,1,0,1,1,1,1,1,1,1,1,1,1,1,1,1,1,1,1,1,1,1,1
"5f96b94504b0720009b4a1ed",0,"2023-12-03 10:00:52.575511","{'Decision00': 28, 'Decision01': 21, 'Decision02': 25, 'Decision03': 5, 'Decision04': 3, 'Decision05': 9, 'Decision06': 17, 'Decision11': 15, 'Decision12': 14, 'Decision13': 27, 'Decision14': 11, 'Decision15': 7, 'Decision16': 1, 'Decision22': 24, 'Decision23': 10, 'Decision24': 16, 'Decision25': 6, 'Decision26': 26, 'Decision33': 20, 'Decision34': 13, 'Decision35': 19, 'Decision36': 4, 'Decision44': 8, 'Decision45': 23, 'Decision46': 22, 'Decision55': 12, 'Decision56': 2, 'Decision66': 18}","{'Decision0': 4, 'Decision1': 1, 'Decision2': 6, 'Decision3': 3, 'Decision4': 7, 'Decision5': 5, 'Decision6': 2}",11.62,"Individualistic",57,8,8,8,8,0,0,0,8,0,0,8,8,8,0,8,1,3,2,2,2,1,"","2023-12-03T10:00:47.173000Z","2023-12-03T10:08:30.912000Z",464,24,"Male",0,1,1,1,1,0,0,0,1,1,1,1,1,1,1,1,1,1,1,1,1,1,1,1,1,1,1,1,1,1,1,1,1
"5f97f80e8279d602b5dfd6b1",0,"2023-12-03 09:59:13.814388","{'Decision00': 24, 'Decision01': 9, 'Decision02': 6, 'Decision03': 28, 'Decision04': 20, 'Decision05': 27, 'Decision06': 18, 'Decision11': 2, 'Decision12': 14, 'Decision13': 25, 'Decision14': 3, 'Decision15': 16, 'Decision16': 11, 'Decision22': 7, 'Decision23': 5, 'Decision24': 10, 'Decision25': 26, 'Decision26': 15, 'Decision33': 12, 'Decision34': 22, 'Decision35': 17, 'Decision36': 23, 'Decision44': 8, 'Decision45': 13, 'Decision46': 1, 'Decision55': 21, 'Decision56': 4, 'Decision66': 19}","{'Decision0': 4, 'Decision1': 2, 'Decision2': 6, 'Decision3': 1, 'Decision4': 5, 'Decision5': 3, 'Decision6': 7}",35.06,"Prosocial",57,4,3,5,3,3,4,5,7,1,3,5,6,4,2,2,1,3,2,2,2,1,"","2023-12-03T09:59:04.621000Z","2023-12-03T10:21:25.184000Z",1341,22,"Male",0,0,1,1,1,0,0,0,1,1,1,1,0,1,1,1,1,1,1,1,1,1,1,1,1,1,1,1,1,1,1,1,1
"5fa5c9d4043d821639815eeb",0,"2023-12-03 10:00:37.077899","{'Decision00': 6, 'Decision01': 25, 'Decision02': 26, 'Decision03': 4, 'Decision04': 13, 'Decision05': 3, 'Decision06': 16, 'Decision11': 12, 'Decision12': 8, 'Decision13': 14, 'Decision14': 22, 'Decision15': 21, 'Decision16': 17, 'Decision22': 1, 'Decision23': 23, 'Decision24': 19, 'Decision25': 20, 'Decision26': 5, 'Decision33': 10, 'Decision34': 9, 'Decision35': 24, 'Decision36': 11, 'Decision44': 28, 'Decision45': 18, 'Decision46': 15, 'Decision55': 27, 'Decision56': 2, 'Decision66': 7}","{'Decision0': 4, 'Decision1': 6, 'Decision2': 7, 'Decision3': 5, 'Decision4': 3, 'Decision5': 2, 'Decision6': 1}",16.29,"Individualistic",57,1,8,8,8,0,0,0,8,0,0,8,8,8,0,8,1,3,2,2,2,1,"","2023-12-03T10:00:30.678000Z","2023-12-03T10:09:27.569000Z",537,29,"Female",0,1,1,1,1,0,1,1,1,1,1,1,1,1,1,1,1,1,1,1,1,1,1,1,1,1,1,1,1,1,1,1,1
"5fd2416e5061f30735e202e9",0,"2023-12-03 09:55:07.508770","{'Decision00': 11, 'Decision01': 13, 'Decision02': 26, 'Decision03': 22, 'Decision04': 12, 'Decision05': 20, 'Decision06': 9, 'Decision11': 3, 'Decision12': 10, 'Decision13': 5, 'Decision14': 16, 'Decision15': 4, 'Decision16': 2, 'Decision22': 8, 'Decision23': 24, 'Decision24': 6, 'Decision25': 18, 'Decision26': 7, 'Decision33': 21, 'Decision34': 28, 'Decision35': 1, 'Decision36': 19, 'Decision44': 14, 'Decision45': 15, 'Decision46': 27, 'Decision55': 25, 'Decision56': 23, 'Decision66': 17}","{'Decision0': 6, 'Decision1': 1, 'Decision2': 5, 'Decision3': 4, 'Decision4': 7, 'Decision5': 3, 'Decision6': 2}",11.62,"Individualistic",57,8,8,8,8,0,0,0,8,0,0,8,8,8,0,8,1,3,2,2,2,1,"","2023-12-03T09:55:01.243000Z","2023-12-03T10:02:36.219000Z",455,22,"Male",0,1,1,1,1,0,1,1,1,1,1,1,1,1,1,1,1,1,1,1,1,1,1,1,1,1,1,1,1,1,1,1,1
"600ae7ab4c978609bd704634",0,"2023-12-03 10:01:47.635132","{'Decision00': 10, 'Decision01': 15, 'Decision02': 5, 'Decision03': 27, 'Decision04': 23, 'Decision05': 26, 'Decision06': 17, 'Decision11': 14, 'Decision12': 20, 'Decision13': 22, 'Decision14': 16, 'Decision15': 13, 'Decision16': 3, 'Decision22': 6, 'Decision23': 8, 'Decision24': 9, 'Decision25': 2, 'Decision26': 4, 'Decision33': 19, 'Decision34': 25, 'Decision35': 11, 'Decision36': 1, 'Decision44': 28, 'Decision45': 12, 'Decision46': 24, 'Decision55': 21, 'Decision56': 18, 'Decision66': 7}","{'Decision0': 3, 'Decision1': 5, 'Decision2': 6, 'Decision3': 1, 'Decision4': 4, 'Decision5': 7, 'Decision6': 2}",40.73,"Prosocial",57,0,8,8,4,4,8,5,5,3,5,4,7,4,2,2,1,3,2,2,2,1,"","2023-12-03T10:01:43.904000Z","2023-12-03T10:12:57.067000Z",674,22,"Male",0,0,1,1,1,0,1,1,1,1,1,1,1,1,1,1,1,1,1,1,1,1,1,1,1,1,1,1,1,1,1,1,0
"6048b828c0988bd2dc72944a",0,"2023-12-03 09:58:02.500045","{'Decision00': 23, 'Decision01': 6, 'Decision02': 1, 'Decision03': 22, 'Decision04': 21, 'Decision05': 2, 'Decision06': 8, 'Decision11': 4, 'Decision12': 7, 'Decision13': 5, 'Decision14': 26, 'Decision15': 27, 'Decision16': 12, 'Decision22': 16, 'Decision23': 14, 'Decision24': 24, 'Decision25': 19, 'Decision26': 17, 'Decision33': 28, 'Decision34': 11, 'Decision35': 18, 'Decision36': 10, 'Decision44': 20, 'Decision45': 9, 'Decision46': 13, 'Decision55': 15, 'Decision56': 3, 'Decision66': 25}","{'Decision0': 4, 'Decision1': 1, 'Decision2': 6, 'Decision3': 7, 'Decision4': 2, 'Decision5': 3, 'Decision6': 5}",40.27,"Prosocial",57,3,6,8,1,2,8,5,4,3,6,5,8,3,2,2,1,3,2,2,2,1,"","2023-12-03T09:57:50.756000Z","2023-12-03T10:07:56.553000Z",606,21,"Male",0,0,1,1,1,0,0,0,1,1,1,1,1,1,1,1,1,1,1,1,1,1,1,1,1,1,1,0,1,1,1,1,1
"6064d05068d115160b32460f",0,"2023-12-03 09:55:20.157793","{'Decision00': 28, 'Decision01': 17, 'Decision02': 9, 'Decision03': 16, 'Decision04': 6, 'Decision05': 26, 'Decision06': 27, 'Decision11': 12, 'Decision12': 24, 'Decision13': 23, 'Decision14': 2, 'Decision15': 18, 'Decision16': 11, 'Decision22': 5, 'Decision23': 4, 'Decision24': 8, 'Decision25': 15, 'Decision26': 19, 'Decision33': 1, 'Decision34': 22, 'Decision35': 13, 'Decision36': 7, 'Decision44': 25, 'Decision45': 20, 'Decision46': 14, 'Decision55': 21, 'Decision56': 10, 'Decision66': 3}","{'Decision0': 7, 'Decision1': 1, 'Decision2': 4, 'Decision3': 5, 'Decision4': 2, 'Decision5': 3, 'Decision6': 6}",42.91,"Prosocial",57,0,8,8,3,4,8,5,4,3,6,4,6,4,2,1,1,3,2,2,2,1,"The rules were difficult to understand at the beginninb, but the graphs helped a lot to understand the splits.","2023-12-03T09:55:16.056000Z","2023-12-03T10:04:09.662000Z",534,22,"Male",0,1,1,1,1,1,1,1,1,1,1,1,1,1,1,1,1,1,1,1,1,1,1,1,1,1,1,1,1,1,1,1,1
"607444cfd4c0be9b857379c7",0,"2023-12-03 10:00:51.434376","{'Decision00': 19, 'Decision01': 26, 'Decision02': 21, 'Decision03': 24, 'Decision04': 14, 'Decision05': 13, 'Decision06': 20, 'Decision11': 16, 'Decision12': 23, 'Decision13': 18, 'Decision14': 25, 'Decision15': 12, 'Decision16': 27, 'Decision22': 8, 'Decision23': 2, 'Decision24': 9, 'Decision25': 22, 'Decision26': 5, 'Decision33': 17, 'Decision34': 15, 'Decision35': 3, 'Decision36': 1, 'Decision44': 7, 'Decision45': 28, 'Decision46': 11, 'Decision55': 6, 'Decision56': 10, 'Decision66': 4}","{'Decision0': 5, 'Decision1': 3, 'Decision2': 2, 'Decision3': 7, 'Decision4': 4, 'Decision5': 6, 'Decision6': 1}",41.14,"Prosocial",57,0,8,8,4,4,8,5,4,3,6,4,7,4,2,2,1,3,2,2,2,1,"","2023-12-03T10:00:48.329000Z","2023-12-03T10:08:02.039000Z",434,28,"Male",0,1,1,1,1,0,1,1,1,1,1,1,1,1,1,1,1,1,1,1,1,1,1,1,1,1,1,1,1,1,1,1,1
"60bf4905cbd90fcec5e91479",0,"2023-12-03 10:00:43.247197","{'Decision00': 23, 'Decision01': 17, 'Decision02': 6, 'Decision03': 16, 'Decision04': 22, 'Decision05': 9, 'Decision06': 10, 'Decision11': 13, 'Decision12': 21, 'Decision13': 7, 'Decision14': 27, 'Decision15': 26, 'Decision16': 2, 'Decision22': 11, 'Decision23': 25, 'Decision24': 15, 'Decision25': 8, 'Decision26': 4, 'Decision33': 12, 'Decision34': 1, 'Decision35': 5, 'Decision36': 14, 'Decision44': 18, 'Decision45': 28, 'Decision46': 24, 'Decision55': 3, 'Decision56': 20, 'Decision66': 19}","{'Decision0': 5, 'Decision1': 3, 'Decision2': 6, 'Decision3': 4, 'Decision4': 2, 'Decision5': 7, 'Decision6': 1}",15.17,"Individualistic",57,3,8,8,8,0,0,0,8,0,0,8,8,8,1,8,1,3,2,2,2,1,"I quite like it the statistics game !!","2023-12-03T10:00:39.957000Z","2023-12-03T10:12:11.847000Z",692,26,"Male",0,1,1,1,1,0,1,1,1,1,1,1,1,1,1,1,1,1,1,1,1,1,1,1,1,1,1,1,1,1,1,1,1
"60cce20b0d581ff0bc3a5e07",0,"2023-12-03 09:59:31.319367","{'Decision00': 7, 'Decision01': 5, 'Decision02': 11, 'Decision03': 17, 'Decision04': 10, 'Decision05': 25, 'Decision06': 12, 'Decision11': 14, 'Decision12': 1, 'Decision13': 2, 'Decision14': 18, 'Decision15': 16, 'Decision16': 8, 'Decision22': 20, 'Decision23': 13, 'Decision24': 24, 'Decision25': 6, 'Decision26': 3, 'Decision33': 4, 'Decision34': 21, 'Decision35': 28, 'Decision36': 19, 'Decision44': 26, 'Decision45': 15, 'Decision46': 22, 'Decision55': 9, 'Decision56': 23, 'Decision66': 27}","{'Decision0': 3, 'Decision1': 7, 'Decision2': 4, 'Decision3': 6, 'Decision4': 2, 'Decision5': 1, 'Decision6': 5}",36.91,"Prosocial",57,5,6,5,5,5,8,5,5,6,8,8,8,5,8,8,1,3,2,2,2,1,"","2023-12-03T09:59:26.879000Z","2023-12-03T10:11:06.164000Z",700,29,"Female",1,1,1,1,1,1,1,1,1,1,1,1,1,1,1,1,1,1,1,1,1,1,1,1,1,1,1,1,1,1,1,1,1
"60d1bf1c234f11f55bfcd276",0,"2023-12-03 10:14:06.516430","{'Decision00': 18, 'Decision01': 23, 'Decision02': 12, 'Decision03': 14, 'Decision04': 24, 'Decision05': 11, 'Decision06': 4, 'Decision11': 26, 'Decision12': 27, 'Decision13': 1, 'Decision14': 15, 'Decision15': 6, 'Decision16': 19, 'Decision22': 20, 'Decision23': 17, 'Decision24': 21, 'Decision25': 13, 'Decision26': 22, 'Decision33': 28, 'Decision34': 10, 'Decision35': 5, 'Decision36': 7, 'Decision44': 3, 'Decision45': 2, 'Decision46': 16, 'Decision55': 8, 'Decision56': 25, 'Decision66': 9}","{'Decision0': 2, 'Decision1': 3, 'Decision2': 5, 'Decision3': 4, 'Decision4': 7, 'Decision5': 6, 'Decision6': 1}",29.18,"Prosocial",57,5,8,8,8,8,8,5,7,3,4,6,8,8,2,8,1,3,2,2,2,1,"","2023-12-03T10:14:02.447000Z","2023-12-03T10:37:52.856000Z",1431,23,"Female",0,0,1,1,0,1,1,1,1,1,1,1,1,1,1,1,1,1,1,1,1,1,1,1,1,1,0,1,1,1,1,0,0
"60d6132cd85bce1483291f56",0,"2023-12-03 09:58:55.053790","{'Decision00': 5, 'Decision01': 4, 'Decision02': 10, 'Decision03': 27, 'Decision04': 9, 'Decision05': 17, 'Decision06': 23, 'Decision11': 15, 'Decision12': 11, 'Decision13': 22, 'Decision14': 16, 'Decision15': 24, 'Decision16': 18, 'Decision22': 3, 'Decision23': 19, 'Decision24': 14, 'Decision25': 2, 'Decision26': 26, 'Decision33': 20, 'Decision34': 25, 'Decision35': 8, 'Decision36': 28, 'Decision44': 1, 'Decision45': 21, 'Decision46': 12, 'Decision55': 13, 'Decision56': 6, 'Decision66': 7}","{'Decision0': 3, 'Decision1': 6, 'Decision2': 4, 'Decision3': 1, 'Decision4': 7, 'Decision5': 2, 'Decision6': 5}",38.96,"Prosocial",57,4,0,8,3,4,8,5,4,4,6,4,7,4,2,2,1,3,2,2,2,1,"","2023-12-03T09:58:51.576000Z","2023-12-03T10:13:04.766000Z",NA,NA,NA,1,1,1,1,1,0,1,1,1,1,1,1,1,1,1,1,1,1,1,1,1,1,1,1,1,1,1,1,1,1,1,1,1
"60e686b927391d9ac83103f2",0,"2023-12-03 10:01:40.888577","{'Decision00': 1, 'Decision01': 14, 'Decision02': 17, 'Decision03': 24, 'Decision04': 8, 'Decision05': 2, 'Decision06': 12, 'Decision11': 19, 'Decision12': 5, 'Decision13': 7, 'Decision14': 27, 'Decision15': 15, 'Decision16': 23, 'Decision22': 11, 'Decision23': 20, 'Decision24': 3, 'Decision25': 18, 'Decision26': 4, 'Decision33': 16, 'Decision34': 6, 'Decision35': 13, 'Decision36': 21, 'Decision44': 22, 'Decision45': 26, 'Decision46': 28, 'Decision55': 9, 'Decision56': 10, 'Decision66': 25}","{'Decision0': 2, 'Decision1': 4, 'Decision2': 1, 'Decision3': 7, 'Decision4': 6, 'Decision5': 3, 'Decision6': 5}",42.91,"Prosocial",57,0,8,8,3,4,8,5,4,3,6,4,6,4,2,1,1,3,2,2,2,1,"In all honesty I believe that I have carried out the study with great attention. ","2023-12-03T10:01:37.530000Z","2023-12-03T10:17:41.758000Z",965,42,"Male",0,0,1,0,0,0,0,0,0,1,0,0,0,0,1,0,0,0,1,0,0,0,0,0,0,0,0,0,0,0,0,0,0
"60edaadb4a0a769d9a7eff81",0,"2023-12-03 09:59:44.782930","{'Decision00': 3, 'Decision01': 19, 'Decision02': 24, 'Decision03': 9, 'Decision04': 12, 'Decision05': 15, 'Decision06': 13, 'Decision11': 17, 'Decision12': 28, 'Decision13': 18, 'Decision14': 27, 'Decision15': 16, 'Decision16': 23, 'Decision22': 20, 'Decision23': 25, 'Decision24': 6, 'Decision25': 26, 'Decision26': 22, 'Decision33': 7, 'Decision34': 14, 'Decision35': 1, 'Decision36': 11, 'Decision44': 5, 'Decision45': 8, 'Decision46': 2, 'Decision55': 10, 'Decision56': 21, 'Decision66': 4}","{'Decision0': 3, 'Decision1': 7, 'Decision2': 5, 'Decision3': 6, 'Decision4': 2, 'Decision5': 1, 'Decision6': 4}",39.1,"Prosocial",57,0,8,8,4,4,5,5,4,2,7,4,7,5,2,2,1,3,2,2,2,1,"","2023-12-03T09:59:12.692000Z","2023-12-03T10:13:48.804000Z",877,20,"Male",0,1,1,1,0,0,1,1,1,1,1,1,1,1,1,1,1,1,1,1,1,1,1,1,1,1,1,1,1,1,1,1,1
"60f00946830b1ef95b23b166",0,"2023-12-03 09:56:05.999202","{'Decision00': 2, 'Decision01': 27, 'Decision02': 23, 'Decision03': 4, 'Decision04': 28, 'Decision05': 22, 'Decision06': 11, 'Decision11': 3, 'Decision12': 18, 'Decision13': 17, 'Decision14': 16, 'Decision15': 9, 'Decision16': 13, 'Decision22': 19, 'Decision23': 25, 'Decision24': 24, 'Decision25': 12, 'Decision26': 10, 'Decision33': 8, 'Decision34': 1, 'Decision35': 20, 'Decision36': 14, 'Decision44': 21, 'Decision45': 7, 'Decision46': 6, 'Decision55': 5, 'Decision56': 26, 'Decision66': 15}","{'Decision0': 4, 'Decision1': 6, 'Decision2': 1, 'Decision3': 5, 'Decision4': 7, 'Decision5': 2, 'Decision6': 3}",36.87,"Prosocial",57,5,3,8,6,6,8,5,4,3,6,4,6,4,2,3,1,3,2,2,2,1,"","2023-12-03T09:55:56.833000Z","2023-12-03T10:16:26.833000Z",1230,23,"Male",0,0,1,1,1,0,0,0,1,1,1,1,0,1,1,1,1,1,1,1,1,1,1,1,1,1,1,1,1,1,1,1,1
"60fd65f3d32ed28ac7c80a7d",0,"2023-12-03 10:00:23.982867","{'Decision00': 14, 'Decision01': 24, 'Decision02': 2, 'Decision03': 1, 'Decision04': 26, 'Decision05': 25, 'Decision06': 5, 'Decision11': 7, 'Decision12': 17, 'Decision13': 15, 'Decision14': 9, 'Decision15': 28, 'Decision16': 19, 'Decision22': 3, 'Decision23': 18, 'Decision24': 13, 'Decision25': 20, 'Decision26': 23, 'Decision33': 4, 'Decision34': 12, 'Decision35': 8, 'Decision36': 11, 'Decision44': 10, 'Decision45': 6, 'Decision46': 22, 'Decision55': 21, 'Decision56': 16, 'Decision66': 27}","{'Decision0': 5, 'Decision1': 3, 'Decision2': 6, 'Decision3': 7, 'Decision4': 4, 'Decision5': 2, 'Decision6': 1}",34.79,"Prosocial",57,3,2,8,4,2,5,3,4,3,6,5,2,5,2,3,1,3,2,2,2,1,"i liked the game ","2023-12-03T10:00:21.054000Z","2023-12-03T10:12:20.952000Z",720,23,"Female",0,0,1,1,1,0,0,0,0,1,1,1,0,0,1,1,1,1,1,1,1,1,1,1,1,1,1,1,1,1,1,1,1
"610d4b020c0ec927cbd29bb4",0,"2023-12-03 10:26:06.445245","{'Decision00': 6, 'Decision01': 9, 'Decision02': 10, 'Decision03': 20, 'Decision04': 11, 'Decision05': 5, 'Decision06': 12, 'Decision11': 15, 'Decision12': 28, 'Decision13': 14, 'Decision14': 7, 'Decision15': 23, 'Decision16': 2, 'Decision22': 1, 'Decision23': 3, 'Decision24': 17, 'Decision25': 27, 'Decision26': 18, 'Decision33': 4, 'Decision34': 21, 'Decision35': 25, 'Decision36': 16, 'Decision44': 8, 'Decision45': 24, 'Decision46': 26, 'Decision55': 19, 'Decision56': 13, 'Decision66': 22}","{'Decision0': 7, 'Decision1': 5, 'Decision2': 6, 'Decision3': 4, 'Decision4': 3, 'Decision5': 1, 'Decision6': 2}",14.75,"Individualistic",57,7,8,8,8,4,0,0,8,0,0,8,8,8,0,8,1,3,2,2,2,1,"Thank you and good luck","2023-12-03T09:58:38.721000Z","",3928,42,"Female",0,1,1,1,1,0,0,0,1,1,1,1,1,1,1,1,1,1,1,1,1,1,1,1,1,1,1,1,1,1,1,1,1
"611a78efa6c36a674dc40cc6",0,"2023-12-03 10:09:31.846223","{'Decision00': 26, 'Decision01': 14, 'Decision02': 10, 'Decision03': 22, 'Decision04': 24, 'Decision05': 18, 'Decision06': 15, 'Decision11': 9, 'Decision12': 11, 'Decision13': 4, 'Decision14': 25, 'Decision15': 5, 'Decision16': 13, 'Decision22': 21, 'Decision23': 8, 'Decision24': 16, 'Decision25': 2, 'Decision26': 7, 'Decision33': 6, 'Decision34': 3, 'Decision35': 23, 'Decision36': 1, 'Decision44': 28, 'Decision45': 17, 'Decision46': 27, 'Decision55': 20, 'Decision56': 12, 'Decision66': 19}","{'Decision0': 4, 'Decision1': 1, 'Decision2': 6, 'Decision3': 7, 'Decision4': 2, 'Decision5': 3, 'Decision6': 5}",38.96,"Prosocial",57,4,8,8,4,4,8,5,4,3,6,4,7,4,2,2,1,3,2,2,2,1,"","2023-12-03T10:09:29.129000Z","2023-12-03T10:17:53.553000Z",505,36,"Female",0,0,1,1,1,0,0,1,0,1,0,0,1,1,1,1,1,1,1,1,1,1,1,1,1,1,1,1,1,1,1,1,1
"61323ac8aad46d271d917c1d",0,"2023-12-03 10:00:50.164852","{'Decision00': 28, 'Decision01': 27, 'Decision02': 8, 'Decision03': 10, 'Decision04': 4, 'Decision05': 11, 'Decision06': 15, 'Decision11': 16, 'Decision12': 20, 'Decision13': 1, 'Decision14': 13, 'Decision15': 3, 'Decision16': 7, 'Decision22': 26, 'Decision23': 12, 'Decision24': 2, 'Decision25': 22, 'Decision26': 19, 'Decision33': 9, 'Decision34': 23, 'Decision35': 24, 'Decision36': 21, 'Decision44': 18, 'Decision45': 14, 'Decision46': 5, 'Decision55': 6, 'Decision56': 25, 'Decision66': 17}","{'Decision0': 7, 'Decision1': 2, 'Decision2': 4, 'Decision3': 1, 'Decision4': 3, 'Decision5': 5, 'Decision6': 6}",17.8,"Individualistic",57,8,8,8,8,2,2,3,8,3,3,8,8,8,1,8,1,3,2,2,2,1,"","2023-12-03T10:00:42.934000Z","2023-12-03T10:23:46.689000Z",1384,59,"Male",0,0,1,1,1,0,0,0,0,1,0,1,0,0,1,0,1,1,0,0,1,1,1,1,1,1,1,1,1,1,1,1,1
"61360600b6f85e39ac097d3d",0,"2023-12-03 09:54:49.663483","{'Decision00': 12, 'Decision01': 17, 'Decision02': 14, 'Decision03': 4, 'Decision04': 16, 'Decision05': 10, 'Decision06': 19, 'Decision11': 25, 'Decision12': 18, 'Decision13': 24, 'Decision14': 26, 'Decision15': 21, 'Decision16': 3, 'Decision22': 2, 'Decision23': 13, 'Decision24': 5, 'Decision25': 9, 'Decision26': 1, 'Decision33': 6, 'Decision34': 11, 'Decision35': 22, 'Decision36': 23, 'Decision44': 27, 'Decision45': 28, 'Decision46': 20, 'Decision55': 15, 'Decision56': 8, 'Decision66': 7}","{'Decision0': 4, 'Decision1': 1, 'Decision2': 2, 'Decision3': 5, 'Decision4': 6, 'Decision5': 3, 'Decision6': 7}",23.81,"Prosocial",57,0,8,8,8,0,8,0,8,0,0,8,8,8,0,0,1,3,2,2,2,1,"i understood the survey and i addopted the method of always accept at least half of the money the player/ers P were offering","2023-12-03T09:54:43.955000Z","2023-12-03T10:05:07.090000Z",624,23,"Male",0,0,1,1,1,0,0,0,0,1,1,1,0,0,1,1,1,1,1,1,1,1,1,1,1,1,1,1,1,1,1,1,1
"613a65f7f3a27ffb8d21ac0c",0,"2023-12-03 09:59:31.530494","{'Decision00': 11, 'Decision01': 6, 'Decision02': 2, 'Decision03': 26, 'Decision04': 12, 'Decision05': 16, 'Decision06': 9, 'Decision11': 23, 'Decision12': 3, 'Decision13': 7, 'Decision14': 20, 'Decision15': 25, 'Decision16': 1, 'Decision22': 18, 'Decision23': 8, 'Decision24': 5, 'Decision25': 17, 'Decision26': 27, 'Decision33': 4, 'Decision34': 14, 'Decision35': 24, 'Decision36': 22, 'Decision44': 13, 'Decision45': 15, 'Decision46': 28, 'Decision55': 21, 'Decision56': 10, 'Decision66': 19}","{'Decision0': 6, 'Decision1': 1, 'Decision2': 3, 'Decision3': 5, 'Decision4': 4, 'Decision5': 7, 'Decision6': 2}",45.35,"Prosocial",57,0,8,3,3,4,8,5,8,4,6,8,0,4,0,0,1,3,2,2,2,1,"","2023-12-03T09:59:27.999000Z","2023-12-03T10:17:41.247000Z",1094,22,"Female",0,0,1,0,0,0,1,1,1,1,1,1,1,1,1,1,1,1,1,1,1,1,1,1,1,1,1,1,1,1,1,1,1
"613c96251354a2ab1529c6f6",0,"2023-12-03 09:58:11.661313","{'Decision00': 19, 'Decision01': 5, 'Decision02': 7, 'Decision03': 13, 'Decision04': 27, 'Decision05': 24, 'Decision06': 22, 'Decision11': 10, 'Decision12': 9, 'Decision13': 23, 'Decision14': 1, 'Decision15': 28, 'Decision16': 11, 'Decision22': 3, 'Decision23': 8, 'Decision24': 4, 'Decision25': 21, 'Decision26': 26, 'Decision33': 6, 'Decision34': 15, 'Decision35': 17, 'Decision36': 25, 'Decision44': 18, 'Decision45': 20, 'Decision46': 12, 'Decision55': 2, 'Decision56': 16, 'Decision66': 14}","{'Decision0': 2, 'Decision1': 7, 'Decision2': 4, 'Decision3': 5, 'Decision4': 1, 'Decision5': 3, 'Decision6': 6}",40,"Prosocial",57,0,2,5,4,3,8,4,5,2,7,4,7,4,2,1,1,3,2,2,2,1,"","2023-12-03T09:58:08.742000Z","2023-12-03T10:11:12.402000Z",784,21,"Female",0,1,1,1,1,0,1,1,1,1,1,1,0,1,1,1,1,1,1,1,1,1,1,1,1,1,1,1,1,1,1,1,1
"615e056d45156d8d481b5856",0,"2023-12-03 10:01:51.859315","{'Decision00': 3, 'Decision01': 8, 'Decision02': 7, 'Decision03': 19, 'Decision04': 14, 'Decision05': 18, 'Decision06': 23, 'Decision11': 10, 'Decision12': 22, 'Decision13': 25, 'Decision14': 9, 'Decision15': 16, 'Decision16': 17, 'Decision22': 5, 'Decision23': 15, 'Decision24': 6, 'Decision25': 20, 'Decision26': 12, 'Decision33': 11, 'Decision34': 13, 'Decision35': 24, 'Decision36': 2, 'Decision44': 4, 'Decision45': 28, 'Decision46': 26, 'Decision55': 27, 'Decision56': 1, 'Decision66': 21}","{'Decision0': 2, 'Decision1': 1, 'Decision2': 7, 'Decision3': 3, 'Decision4': 6, 'Decision5': 5, 'Decision6': 4}",40.31,"Prosocial",57,4,8,8,4,5,6,6,6,3,6,4,7,4,6,2,1,3,2,2,2,1,"","2023-12-03T10:01:39.991000Z","2023-12-03T10:15:57.728000Z",858,22,"Female",0,0,1,1,1,0,0,0,0,1,1,1,0,0,1,1,1,1,1,1,1,1,1,1,1,1,1,1,1,1,1,1,1
"6163f732b3f62685da49d2e6",0,"2023-12-03 09:56:24.275447","{'Decision00': 26, 'Decision01': 20, 'Decision02': 8, 'Decision03': 16, 'Decision04': 27, 'Decision05': 17, 'Decision06': 4, 'Decision11': 24, 'Decision12': 1, 'Decision13': 14, 'Decision14': 3, 'Decision15': 28, 'Decision16': 10, 'Decision22': 22, 'Decision23': 11, 'Decision24': 18, 'Decision25': 13, 'Decision26': 9, 'Decision33': 25, 'Decision34': 19, 'Decision35': 21, 'Decision36': 12, 'Decision44': 7, 'Decision45': 6, 'Decision46': 23, 'Decision55': 5, 'Decision56': 15, 'Decision66': 2}","{'Decision0': 6, 'Decision1': 3, 'Decision2': 7, 'Decision3': 1, 'Decision4': 2, 'Decision5': 5, 'Decision6': 4}",37.15,"Prosocial",57,3,8,8,8,8,8,8,8,8,8,8,8,8,8,8,1,3,2,2,2,1,"","2023-12-03T09:56:17.795000Z","2023-12-03T10:21:48.535000Z",1531,32,"Female",0,0,1,1,1,0,0,1,0,1,1,1,0,1,1,1,1,0,1,0,1,1,0,1,1,1,0,0,0,1,0,1,1
"6166c6d27d9c93555420acfa",0,"2023-12-03 09:59:31.865014","{'Decision00': 16, 'Decision01': 17, 'Decision02': 4, 'Decision03': 14, 'Decision04': 21, 'Decision05': 8, 'Decision06': 12, 'Decision11': 19, 'Decision12': 2, 'Decision13': 5, 'Decision14': 18, 'Decision15': 24, 'Decision16': 22, 'Decision22': 9, 'Decision23': 28, 'Decision24': 26, 'Decision25': 23, 'Decision26': 3, 'Decision33': 11, 'Decision34': 20, 'Decision35': 10, 'Decision36': 13, 'Decision44': 7, 'Decision45': 15, 'Decision46': 27, 'Decision55': 25, 'Decision56': 1, 'Decision66': 6}","{'Decision0': 4, 'Decision1': 6, 'Decision2': 3, 'Decision3': 7, 'Decision4': 2, 'Decision5': 5, 'Decision6': 1}",35.06,"Prosocial",57,2,8,8,4,3,7,3,4,2,4,5,7,5,0,2,1,3,2,2,2,1,"","2023-12-03T09:59:26.743000Z","2023-12-03T10:11:35.164000Z",729,39,"Male",0,0,1,1,1,0,0,1,1,1,1,1,1,1,1,1,1,1,1,1,1,1,1,1,1,1,1,1,1,0,1,1,0
"61697f832062ac7ba42cff1f",0,"2023-12-01 12:20:24.503130","{'Decision00': 27, 'Decision01': 26, 'Decision02': 12, 'Decision03': 20, 'Decision04': 8, 'Decision05': 23, 'Decision06': 21, 'Decision11': 28, 'Decision12': 14, 'Decision13': 7, 'Decision14': 1, 'Decision15': 18, 'Decision16': 17, 'Decision22': 16, 'Decision23': 24, 'Decision24': 11, 'Decision25': 3, 'Decision26': 6, 'Decision33': 13, 'Decision34': 10, 'Decision35': 15, 'Decision36': 5, 'Decision44': 2, 'Decision45': 4, 'Decision46': 19, 'Decision55': 9, 'Decision56': 22, 'Decision66': 25}","{'Decision0': 1, 'Decision1': 7, 'Decision2': 2, 'Decision3': 3, 'Decision4': 4, 'Decision5': 6, 'Decision6': 5}",14.32,"Individualistic",57,4,8,8,8,0,0,0,8,0,0,8,8,8,0,8,1,3,2,2,2,1,"","2023-12-01T12:20:05.189000Z","2023-12-01T12:45:17.377000Z",1513,29,"Female",0,0,1,1,1,1,0,1,1,1,1,1,1,1,1,1,1,1,1,1,1,1,1,1,1,1,1,1,1,1,1,1,1
"6169c0667a27823dc8059c88",0,"2023-12-01 12:21:09.187588","{'Decision00': 14, 'Decision01': 12, 'Decision02': 22, 'Decision03': 8, 'Decision04': 26, 'Decision05': 11, 'Decision06': 18, 'Decision11': 19, 'Decision12': 9, 'Decision13': 7, 'Decision14': 5, 'Decision15': 23, 'Decision16': 25, 'Decision22': 16, 'Decision23': 13, 'Decision24': 24, 'Decision25': 28, 'Decision26': 10, 'Decision33': 4, 'Decision34': 21, 'Decision35': 2, 'Decision36': 3, 'Decision44': 1, 'Decision45': 27, 'Decision46': 6, 'Decision55': 17, 'Decision56': 20, 'Decision66': 15}","{'Decision0': 2, 'Decision1': 3, 'Decision2': 1, 'Decision3': 7, 'Decision4': 5, 'Decision5': 4, 'Decision6': 6}",40.6,"Prosocial",57,0,8,8,4,4,8,6,8,1,8,4,8,4,0,0,1,3,2,2,2,1,"","2023-12-01T12:21:05.833000Z","2023-12-01T12:37:27.853000Z",983,27,"Male",0,0,1,1,1,0,0,0,1,1,1,1,0,1,1,1,1,1,1,1,1,1,1,1,1,1,1,1,1,1,1,1,1
"61700cc399cda038270947d8",0,"2023-12-03 10:09:06.694835","{'Decision00': 23, 'Decision01': 13, 'Decision02': 11, 'Decision03': 21, 'Decision04': 12, 'Decision05': 27, 'Decision06': 16, 'Decision11': 6, 'Decision12': 25, 'Decision13': 8, 'Decision14': 20, 'Decision15': 10, 'Decision16': 19, 'Decision22': 28, 'Decision23': 4, 'Decision24': 17, 'Decision25': 14, 'Decision26': 5, 'Decision33': 18, 'Decision34': 15, 'Decision35': 24, 'Decision36': 22, 'Decision44': 3, 'Decision45': 26, 'Decision46': 9, 'Decision55': 7, 'Decision56': 1, 'Decision66': 2}","{'Decision0': 5, 'Decision1': 7, 'Decision2': 1, 'Decision3': 6, 'Decision4': 2, 'Decision5': 3, 'Decision6': 4}",41.54,"Prosocial",57,3,8,8,5,8,8,5,4,3,6,4,7,4,2,2,1,3,2,2,2,1,"","2023-12-03T10:06:16.795000Z","2023-12-03T10:23:07.980000Z",1012,54,"Female",0,1,1,1,1,1,1,1,1,1,1,1,1,1,1,1,1,1,1,1,1,1,1,1,1,1,1,1,1,1,1,1,1
"617091df73f7dd1c8448b3f4",0,"2023-12-03 10:07:53.727532","{'Decision00': 10, 'Decision01': 17, 'Decision02': 11, 'Decision03': 27, 'Decision04': 25, 'Decision05': 4, 'Decision06': 9, 'Decision11': 12, 'Decision12': 2, 'Decision13': 20, 'Decision14': 26, 'Decision15': 15, 'Decision16': 28, 'Decision22': 24, 'Decision23': 13, 'Decision24': 3, 'Decision25': 21, 'Decision26': 19, 'Decision33': 16, 'Decision34': 8, 'Decision35': 22, 'Decision36': 7, 'Decision44': 14, 'Decision45': 18, 'Decision46': 6, 'Decision55': 5, 'Decision56': 23, 'Decision66': 1}","{'Decision0': 2, 'Decision1': 3, 'Decision2': 1, 'Decision3': 5, 'Decision4': 7, 'Decision5': 4, 'Decision6': 6}",43.1,"Prosocial",57,0,8,7,2,4,8,5,4,3,6,4,7,4,0,1,1,3,2,2,2,1,"","2023-12-03T09:58:25.139000Z","2023-12-03T10:18:45.079000Z",1220,27,"Female",0,0,1,0,0,0,0,0,0,1,1,1,0,0,1,1,1,1,1,1,1,1,1,1,1,1,1,1,1,1,1,1,1
"631745d2901b65f01f0860b5",0,"2023-12-03 09:57:40.445101","{'Decision00': 5, 'Decision01': 11, 'Decision02': 10, 'Decision03': 12, 'Decision04': 22, 'Decision05': 20, 'Decision06': 1, 'Decision11': 14, 'Decision12': 13, 'Decision13': 28, 'Decision14': 4, 'Decision15': 17, 'Decision16': 16, 'Decision22': 8, 'Decision23': 9, 'Decision24': 18, 'Decision25': 7, 'Decision26': 27, 'Decision33': 6, 'Decision34': 19, 'Decision35': 3, 'Decision36': 2, 'Decision44': 23, 'Decision45': 15, 'Decision46': 25, 'Decision55': 26, 'Decision56': 21, 'Decision66': 24}","{'Decision0': 5, 'Decision1': 6, 'Decision2': 1, 'Decision3': 7, 'Decision4': 3, 'Decision5': 4, 'Decision6': 2}",18.28,"Individualistic",57,4,8,8,5,0,2,0,8,0,0,8,8,8,0,7,1,3,2,2,2,1,"",NA,NA,NA,NA,NA,0,1,1,1,1,0,0,0,1,1,1,1,0,1,1,1,1,1,1,1,1,1,1,1,1,1,1,1,1,1,1,1,1
"63bf01914983c66626c67b6c",0,"2023-12-03 10:00:35.122316","{'Decision00': 24, 'Decision01': 12, 'Decision02': 8, 'Decision03': 15, 'Decision04': 18, 'Decision05': 23, 'Decision06': 14, 'Decision11': 9, 'Decision12': 25, 'Decision13': 10, 'Decision14': 28, 'Decision15': 20, 'Decision16': 27, 'Decision22': 1, 'Decision23': 16, 'Decision24': 17, 'Decision25': 2, 'Decision26': 19, 'Decision33': 7, 'Decision34': 5, 'Decision35': 6, 'Decision36': 4, 'Decision44': 26, 'Decision45': 22, 'Decision46': 3, 'Decision55': 11, 'Decision56': 21, 'Decision66': 13}","{'Decision0': 1, 'Decision1': 6, 'Decision2': 5, 'Decision3': 2, 'Decision4': 3, 'Decision5': 7, 'Decision6': 4}",14.32,"Individualistic",57,4,8,8,8,0,0,0,8,0,0,8,8,8,0,8,1,3,2,2,2,1,"",NA,NA,NA,NA,NA,0,1,1,1,1,0,0,1,1,1,1,1,0,1,1,1,1,1,1,1,1,1,1,1,1,1,1,1,1,1,1,1,1
"642aff660cfe16118b2fbe90",0,"2023-12-03 09:58:12.427705","{'Decision00': 23, 'Decision01': 16, 'Decision02': 22, 'Decision03': 17, 'Decision04': 26, 'Decision05': 14, 'Decision06': 4, 'Decision11': 27, 'Decision12': 19, 'Decision13': 13, 'Decision14': 21, 'Decision15': 15, 'Decision16': 28, 'Decision22': 12, 'Decision23': 7, 'Decision24': 9, 'Decision25': 2, 'Decision26': 1, 'Decision33': 10, 'Decision34': 18, 'Decision35': 3, 'Decision36': 5, 'Decision44': 24, 'Decision45': 8, 'Decision46': 20, 'Decision55': 25, 'Decision56': 11, 'Decision66': 6}","{'Decision0': 5, 'Decision1': 3, 'Decision2': 2, 'Decision3': 4, 'Decision4': 6, 'Decision5': 7, 'Decision6': 1}",16.96,"Individualistic",57,0,8,8,8,0,0,0,8,0,0,8,8,8,0,8,1,3,2,2,2,1,"","2023-12-03T09:58:10.206000Z","2023-12-03T10:18:47.819000Z",1238,19,"Male",0,1,1,1,1,0,0,0,1,1,1,1,0,1,1,1,1,1,1,1,1,1,1,1,1,1,1,1,1,1,1,1,1
"645436a3e1aae793fb624e1e",0,"2023-12-03 10:00:54.639858","{'Decision00': 24, 'Decision01': 16, 'Decision02': 9, 'Decision03': 27, 'Decision04': 13, 'Decision05': 20, 'Decision06': 18, 'Decision11': 28, 'Decision12': 21, 'Decision13': 10, 'Decision14': 1, 'Decision15': 11, 'Decision16': 22, 'Decision22': 23, 'Decision23': 25, 'Decision24': 19, 'Decision25': 2, 'Decision26': 12, 'Decision33': 7, 'Decision34': 17, 'Decision35': 15, 'Decision36': 3, 'Decision44': 14, 'Decision45': 5, 'Decision46': 8, 'Decision55': 4, 'Decision56': 26, 'Decision66': 6}","{'Decision0': 7, 'Decision1': 1, 'Decision2': 4, 'Decision3': 5, 'Decision4': 3, 'Decision5': 6, 'Decision6': 2}",44.44,"Prosocial",57,0,7,8,1,4,8,5,3,3,6,4,7,4,3,1,1,3,2,2,2,1,"","2023-12-03T10:00:49.064000Z","2023-12-03T10:25:42.054000Z",1493,32,"Male",0,0,1,0,0,0,0,0,0,1,1,0,0,0,1,1,0,0,1,1,0,0,0,0,0,0,0,0,0,0,0,0,0
"64568d9fa059beca7e10b930",0,"2023-12-03 09:58:31.116771","{'Decision00': 7, 'Decision01': 19, 'Decision02': 25, 'Decision03': 16, 'Decision04': 18, 'Decision05': 28, 'Decision06': 17, 'Decision11': 6, 'Decision12': 3, 'Decision13': 1, 'Decision14': 5, 'Decision15': 27, 'Decision16': 8, 'Decision22': 14, 'Decision23': 24, 'Decision24': 26, 'Decision25': 11, 'Decision26': 9, 'Decision33': 2, 'Decision34': 23, 'Decision35': 21, 'Decision36': 15, 'Decision44': 12, 'Decision45': 4, 'Decision46': 10, 'Decision55': 22, 'Decision56': 20, 'Decision66': 13}","{'Decision0': 1, 'Decision1': 6, 'Decision2': 4, 'Decision3': 7, 'Decision4': 2, 'Decision5': 3, 'Decision6': 5}",31.78,"Prosocial",57,2,7,8,6,3,5,3,5,5,6,6,7,7,5,6,1,3,2,2,2,1,"","2023-12-03T09:58:27.015000Z","2023-12-03T10:14:18.016000Z",952,33,"Male",0,0,0,1,1,0,0,0,0,0,0,0,0,0,0,1,0,1,1,1,0,0,1,1,1,0,1,1,1,1,1,1,1
"646e7834c7b5c9d3ddda3165",0,"2023-12-03 09:58:28.110679","{'Decision00': 3, 'Decision01': 22, 'Decision02': 27, 'Decision03': 14, 'Decision04': 28, 'Decision05': 21, 'Decision06': 15, 'Decision11': 26, 'Decision12': 1, 'Decision13': 18, 'Decision14': 4, 'Decision15': 19, 'Decision16': 25, 'Decision22': 8, 'Decision23': 16, 'Decision24': 7, 'Decision25': 11, 'Decision26': 12, 'Decision33': 6, 'Decision34': 10, 'Decision35': 24, 'Decision36': 23, 'Decision44': 13, 'Decision45': 20, 'Decision46': 5, 'Decision55': 17, 'Decision56': 9, 'Decision66': 2}","{'Decision0': 4, 'Decision1': 6, 'Decision2': 1, 'Decision3': 7, 'Decision4': 2, 'Decision5': 5, 'Decision6': 3}",37.06,"Prosocial",57,0,4,8,2,4,8,7,4,2,8,8,7,8,2,6,1,3,2,2,2,1,"","2023-12-03T09:58:25.366000Z","2023-12-03T10:08:32.766000Z",608,19,"Male",1,1,1,1,1,1,1,0,1,1,1,1,1,1,1,1,1,1,1,1,1,1,1,1,1,1,1,1,1,1,1,1,1
"6470dcc0efb43623b0480cc5",0,"2023-12-03 10:04:49.466934","{'Decision00': 6, 'Decision01': 11, 'Decision02': 18, 'Decision03': 2, 'Decision04': 17, 'Decision05': 1, 'Decision06': 15, 'Decision11': 13, 'Decision12': 25, 'Decision13': 26, 'Decision14': 9, 'Decision15': 4, 'Decision16': 24, 'Decision22': 19, 'Decision23': 22, 'Decision24': 10, 'Decision25': 16, 'Decision26': 8, 'Decision33': 5, 'Decision34': 3, 'Decision35': 14, 'Decision36': 12, 'Decision44': 28, 'Decision45': 20, 'Decision46': 21, 'Decision55': 7, 'Decision56': 23, 'Decision66': 27}","{'Decision0': 4, 'Decision1': 6, 'Decision2': 5, 'Decision3': 3, 'Decision4': 7, 'Decision5': 2, 'Decision6': 1}",42.91,"Prosocial",57,0,8,8,3,4,8,5,4,3,6,4,6,4,2,1,1,3,2,2,2,1,"","2023-12-03T10:04:37.751000Z","2023-12-03T10:35:01.141000Z",1824,54,"Female",0,1,1,1,0,0,0,0,1,1,1,1,0,1,1,1,1,1,1,1,1,1,0,1,1,0,0,0,0,0,0,0,0
"649da3ed50af5df3e264fe9d",0,"2023-12-03 09:57:33.698405","{'Decision00': 7, 'Decision01': 2, 'Decision02': 15, 'Decision03': 6, 'Decision04': 10, 'Decision05': 12, 'Decision06': 26, 'Decision11': 28, 'Decision12': 5, 'Decision13': 14, 'Decision14': 20, 'Decision15': 21, 'Decision16': 17, 'Decision22': 3, 'Decision23': 16, 'Decision24': 18, 'Decision25': 24, 'Decision26': 22, 'Decision33': 19, 'Decision34': 8, 'Decision35': 13, 'Decision36': 25, 'Decision44': 27, 'Decision45': 4, 'Decision46': 9, 'Decision55': 11, 'Decision56': 1, 'Decision66': 23}","{'Decision0': 5, 'Decision1': 7, 'Decision2': 1, 'Decision3': 2, 'Decision4': 6, 'Decision5': 4, 'Decision6': 3}",40.2,"Prosocial",57,0,4,2,2,3,3,6,4,4,3,5,2,5,2,8,1,3,2,2,2,1,"Too many tasks for the indicated 2 minutes completion time. In the start of study were mentioned attention checks, but I didn't see any.","2023-12-03T09:57:28.929000Z","2023-12-03T10:12:30.752000Z",902,32,"Male",1,1,1,1,1,1,1,1,1,1,1,1,1,1,1,1,1,1,1,1,1,1,1,1,1,1,1,1,1,1,1,1,1
"64e8cee64332459e9a7c893b",0,"2023-12-01 12:20:11.412907","{'Decision00': 12, 'Decision01': 24, 'Decision02': 11, 'Decision03': 14, 'Decision04': 3, 'Decision05': 28, 'Decision06': 22, 'Decision11': 2, 'Decision12': 25, 'Decision13': 1, 'Decision14': 23, 'Decision15': 27, 'Decision16': 19, 'Decision22': 9, 'Decision23': 18, 'Decision24': 21, 'Decision25': 10, 'Decision26': 20, 'Decision33': 17, 'Decision34': 7, 'Decision35': 4, 'Decision36': 8, 'Decision44': 26, 'Decision45': 15, 'Decision46': 6, 'Decision55': 16, 'Decision56': 5, 'Decision66': 13}","{'Decision0': 7, 'Decision1': 4, 'Decision2': 1, 'Decision3': 2, 'Decision4': 3, 'Decision5': 6, 'Decision6': 5}",42.91,"Prosocial",57,0,8,8,3,4,8,5,4,3,6,4,6,4,2,1,1,3,2,2,2,1,"It would be nice to have some more context like knowing if I would be able to contact ""the other"" in order to give them some of the reward (unless such a thing is outside the scope of the investigation). I say that because in some examples we would both get more rewards if I chose a more unfair option, which is why I would try to contact them to make it fair again.","2023-12-01T12:20:08.256000Z","2023-12-01T12:44:48.341000Z",1481,24,"Male",0,1,1,1,1,0,0,1,1,1,1,1,1,1,1,1,1,1,1,1,1,1,1,1,1,1,1,1,1,1,1,1,1
"64f9ea660fe0eabb0ad878ba",0,"2023-12-01 12:20:46.177284","{'Decision00': 19, 'Decision01': 25, 'Decision02': 22, 'Decision03': 28, 'Decision04': 23, 'Decision05': 13, 'Decision06': 8, 'Decision11': 17, 'Decision12': 2, 'Decision13': 16, 'Decision14': 6, 'Decision15': 1, 'Decision16': 24, 'Decision22': 12, 'Decision23': 5, 'Decision24': 7, 'Decision25': 18, 'Decision26': 4, 'Decision33': 26, 'Decision34': 10, 'Decision35': 9, 'Decision36': 11, 'Decision44': 15, 'Decision45': 21, 'Decision46': 20, 'Decision55': 14, 'Decision56': 27, 'Decision66': 3}","{'Decision0': 3, 'Decision1': 7, 'Decision2': 5, 'Decision3': 1, 'Decision4': 6, 'Decision5': 4, 'Decision6': 2}",36.67,"Prosocial",57,0,2,8,3,4,8,5,5,3,6,4,8,8,2,4,1,3,2,2,2,1,"","2023-12-01T12:20:41.381000Z","2023-12-01T12:36:47.470000Z",967,34,"Male",0,0,1,1,1,0,0,1,1,1,1,1,0,0,1,1,1,1,1,1,1,1,1,1,1,1,1,1,1,1,1,1,1
"65016465d9dbb72c6e9aeb2c",0,"2023-12-03 09:56:31.726001","{'Decision00': 28, 'Decision01': 27, 'Decision02': 25, 'Decision03': 13, 'Decision04': 14, 'Decision05': 5, 'Decision06': 7, 'Decision11': 22, 'Decision12': 12, 'Decision13': 10, 'Decision14': 19, 'Decision15': 15, 'Decision16': 21, 'Decision22': 11, 'Decision23': 1, 'Decision24': 20, 'Decision25': 16, 'Decision26': 6, 'Decision33': 24, 'Decision34': 8, 'Decision35': 17, 'Decision36': 4, 'Decision44': 26, 'Decision45': 9, 'Decision46': 18, 'Decision55': 3, 'Decision56': 23, 'Decision66': 2}","{'Decision0': 4, 'Decision1': 3, 'Decision2': 7, 'Decision3': 5, 'Decision4': 1, 'Decision5': 2, 'Decision6': 6}",41.4,"Prosocial",57,0,8,8,3,4,8,4,8,3,8,4,8,4,0,0,1,3,2,2,2,0,"I understood and read each question as best as possible but I recommend that you shorten the number of questions you give us. I did get fatigued towards the end of the survey","2023-12-03T09:56:24.957000Z","",4062,19,"Male",0,1,1,1,1,0,0,1,1,1,1,1,1,1,1,1,1,1,1,1,1,1,1,1,1,1,1,1,1,1,1,1,1
"6501e1361fbd8dfd600021f2",0,"2023-12-03 09:59:26.532161","{'Decision00': 14, 'Decision01': 5, 'Decision02': 12, 'Decision03': 16, 'Decision04': 7, 'Decision05': 23, 'Decision06': 10, 'Decision11': 24, 'Decision12': 25, 'Decision13': 13, 'Decision14': 28, 'Decision15': 22, 'Decision16': 1, 'Decision22': 6, 'Decision23': 3, 'Decision24': 11, 'Decision25': 17, 'Decision26': 26, 'Decision33': 18, 'Decision34': 21, 'Decision35': 2, 'Decision36': 20, 'Decision44': 9, 'Decision45': 8, 'Decision46': 4, 'Decision55': 19, 'Decision56': 27, 'Decision66': 15}","{'Decision0': 5, 'Decision1': 2, 'Decision2': 1, 'Decision3': 7, 'Decision4': 3, 'Decision5': 6, 'Decision6': 4}",41.14,"Prosocial",57,0,8,8,4,4,8,5,4,3,6,4,7,4,2,2,1,3,2,2,2,1,"","2023-12-03T09:59:12.435000Z","2023-12-03T10:17:34.930000Z",1103,31,"Male",0,1,1,1,1,0,0,1,1,1,1,1,1,1,1,1,1,1,1,1,1,1,0,1,0,1,0,0,0,0,0,0,0
"6516d534136c2d3803bbb1da",0,"2023-12-03 09:56:25.891989","{'Decision00': 6, 'Decision01': 28, 'Decision02': 16, 'Decision03': 10, 'Decision04': 7, 'Decision05': 13, 'Decision06': 17, 'Decision11': 18, 'Decision12': 11, 'Decision13': 3, 'Decision14': 19, 'Decision15': 2, 'Decision16': 12, 'Decision22': 4, 'Decision23': 15, 'Decision24': 8, 'Decision25': 27, 'Decision26': 5, 'Decision33': 24, 'Decision34': 20, 'Decision35': 14, 'Decision36': 22, 'Decision44': 9, 'Decision45': 26, 'Decision46': 21, 'Decision55': 1, 'Decision56': 23, 'Decision66': 25}","{'Decision0': 3, 'Decision1': 4, 'Decision2': 1, 'Decision3': 2, 'Decision4': 7, 'Decision5': 6, 'Decision6': 5}",42.66,"Prosocial",57,5,8,0,3,4,8,5,4,3,6,4,7,4,2,1,1,3,2,2,2,1,"I picked the answers at first with two players based on equality maybe there is one that I accidentally picked as accept, and the three players game was mainly based on opinion congruence. best regards.","2023-12-03T09:56:20.719000Z","2023-12-03T10:21:04.214000Z",1484,26,"Female",0,1,1,1,1,0,1,1,1,1,0,0,1,1,1,0,0,0,1,1,0,0,0,1,1,1,0,1,1,1,0,1,1
"652f2c56c8dbb1706dd899e2",0,"2023-12-03 10:01:13.959809","{'Decision00': 13, 'Decision01': 8, 'Decision02': 7, 'Decision03': 19, 'Decision04': 27, 'Decision05': 12, 'Decision06': 22, 'Decision11': 16, 'Decision12': 28, 'Decision13': 18, 'Decision14': 3, 'Decision15': 20, 'Decision16': 4, 'Decision22': 26, 'Decision23': 2, 'Decision24': 17, 'Decision25': 25, 'Decision26': 24, 'Decision33': 10, 'Decision34': 5, 'Decision35': 1, 'Decision36': 14, 'Decision44': 11, 'Decision45': 15, 'Decision46': 21, 'Decision55': 23, 'Decision56': 6, 'Decision66': 9}","{'Decision0': 1, 'Decision1': 4, 'Decision2': 2, 'Decision3': 7, 'Decision4': 6, 'Decision5': 3, 'Decision6': 5}",46.48,"Prosocial",57,0,8,0,3,4,8,4,0,3,8,5,7,3,2,0,1,3,2,2,2,1,"","2023-12-03T10:01:04.763000Z","2023-12-03T10:15:17.047000Z",853,29,"Female",0,0,1,0,0,0,0,0,0,1,0,0,0,0,1,0,0,0,1,0,0,0,0,0,0,0,0,0,0,0,0,0,0
"653bb5fbab69aedde168e001",0,"2023-12-03 10:00:33.234489","{'Decision00': 11, 'Decision01': 12, 'Decision02': 19, 'Decision03': 13, 'Decision04': 17, 'Decision05': 6, 'Decision06': 8, 'Decision11': 24, 'Decision12': 9, 'Decision13': 15, 'Decision14': 3, 'Decision15': 18, 'Decision16': 5, 'Decision22': 7, 'Decision23': 21, 'Decision24': 27, 'Decision25': 22, 'Decision26': 28, 'Decision33': 4, 'Decision34': 1, 'Decision35': 2, 'Decision36': 23, 'Decision44': 14, 'Decision45': 25, 'Decision46': 26, 'Decision55': 10, 'Decision56': 20, 'Decision66': 16}","{'Decision0': 2, 'Decision1': 5, 'Decision2': 6, 'Decision3': 3, 'Decision4': 1, 'Decision5': 4, 'Decision6': 7}",29.19,"Prosocial",57,2,8,8,5,2,4,2,6,2,3,6,8,6,0,3,1,3,2,2,2,1,"","2023-12-03T10:00:29.295000Z","2023-12-03T10:34:15.309000Z",2027,27,"Male",0,1,1,1,1,0,0,0,0,1,1,1,0,0,1,1,1,1,1,1,1,1,1,1,1,1,1,1,1,1,1,1,1
"6547a233f19087618a1f22de",0,"2023-12-03 09:59:13.003578","{'Decision00': 10, 'Decision01': 13, 'Decision02': 28, 'Decision03': 15, 'Decision04': 8, 'Decision05': 22, 'Decision06': 11, 'Decision11': 26, 'Decision12': 24, 'Decision13': 2, 'Decision14': 4, 'Decision15': 18, 'Decision16': 14, 'Decision22': 6, 'Decision23': 19, 'Decision24': 17, 'Decision25': 5, 'Decision26': 23, 'Decision33': 16, 'Decision34': 12, 'Decision35': 9, 'Decision36': 7, 'Decision44': 1, 'Decision45': 27, 'Decision46': 3, 'Decision55': 20, 'Decision56': 25, 'Decision66': 21}","{'Decision0': 3, 'Decision1': 1, 'Decision2': 7, 'Decision3': 4, 'Decision4': 6, 'Decision5': 5, 'Decision6': 2}",12.52,"Individualistic",57,8,1,8,8,2,5,0,8,0,0,8,8,8,0,8,1,3,2,2,2,1,"","2023-12-03T09:59:05.601000Z","2023-12-03T10:15:38.596000Z",993,49,"Female",0,1,1,1,1,0,0,1,1,1,1,1,1,1,1,1,1,1,1,1,1,1,1,1,1,1,1,1,1,1,1,1,1
"655230fde7fef552dd82ec2a",0,"2023-12-01 12:21:10.054680","{'Decision00': 16, 'Decision01': 24, 'Decision02': 13, 'Decision03': 10, 'Decision04': 9, 'Decision05': 14, 'Decision06': 18, 'Decision11': 7, 'Decision12': 3, 'Decision13': 27, 'Decision14': 4, 'Decision15': 2, 'Decision16': 28, 'Decision22': 11, 'Decision23': 26, 'Decision24': 20, 'Decision25': 23, 'Decision26': 8, 'Decision33': 22, 'Decision34': 6, 'Decision35': 1, 'Decision36': 21, 'Decision44': 17, 'Decision45': 5, 'Decision46': 15, 'Decision55': 25, 'Decision56': 12, 'Decision66': 19}","{'Decision0': 1, 'Decision1': 5, 'Decision2': 2, 'Decision3': 4, 'Decision4': 6, 'Decision5': 3, 'Decision6': 7}",41.47,"Prosocial",57,0,8,8,4,4,8,5,5,3,6,4,6,4,2,2,1,3,2,2,2,1,"About the last task - it was quite intuitive. What I valued the most when deciding if an offer should be accepted was the agreement between the proposals of P1 and P2, and the distribution of the money as equally as possible. At the beginning I felt more inclined to decline an offer if P1 offered a low value and P2 offered a high one (or vice-versa) as it didn't feel it would lead to a fair distribution between the three. As the questions progressed I started to feel less inclined to decline offers that could be a bit uneven but that would at least bring a bit of money to all players. The concepts of even sharing and fairness were also the key guides to my answers on the tasks about the distribution of resources.","2023-12-01T12:20:45.247000Z","2023-12-01T12:48:19.906000Z",1655,27,"Female",0,1,1,0,0,1,1,1,1,1,1,1,0,0,1,1,0,1,1,1,1,1,0,1,1,1,1,1,0,0,1,0,1
"65523cdc14d3ee4af6f64da5",0,"2023-12-01 12:19:38.880912","{'Decision00': 2, 'Decision01': 12, 'Decision02': 15, 'Decision03': 25, 'Decision04': 26, 'Decision05': 17, 'Decision06': 23, 'Decision11': 7, 'Decision12': 13, 'Decision13': 28, 'Decision14': 5, 'Decision15': 21, 'Decision16': 19, 'Decision22': 18, 'Decision23': 4, 'Decision24': 9, 'Decision25': 3, 'Decision26': 16, 'Decision33': 14, 'Decision34': 8, 'Decision35': 27, 'Decision36': 20, 'Decision44': 11, 'Decision45': 24, 'Decision46': 6, 'Decision55': 10, 'Decision56': 1, 'Decision66': 22}","{'Decision0': 4, 'Decision1': 3, 'Decision2': 2, 'Decision3': 5, 'Decision4': 1, 'Decision5': 7, 'Decision6': 6}",36.56,"Prosocial",57,4,8,8,4,0,8,5,4,3,6,4,7,4,2,1,1,3,2,2,2,1,"","2023-12-01T12:19:36.108000Z","2023-12-01T12:36:02.092000Z",986,45,"Female",0,1,1,1,1,0,1,1,1,1,1,1,1,1,1,1,1,1,1,1,1,1,1,1,1,1,1,1,1,1,1,1,1
"6560b2eeb15a8d4375054dce",0,"2023-12-03 10:00:28.682577","{'Decision00': 2, 'Decision01': 9, 'Decision02': 6, 'Decision03': 15, 'Decision04': 8, 'Decision05': 18, 'Decision06': 25, 'Decision11': 12, 'Decision12': 10, 'Decision13': 27, 'Decision14': 7, 'Decision15': 14, 'Decision16': 4, 'Decision22': 5, 'Decision23': 21, 'Decision24': 13, 'Decision25': 23, 'Decision26': 3, 'Decision33': 11, 'Decision34': 16, 'Decision35': 26, 'Decision36': 19, 'Decision44': 1, 'Decision45': 22, 'Decision46': 17, 'Decision55': 20, 'Decision56': 24, 'Decision66': 28}","{'Decision0': 7, 'Decision1': 5, 'Decision2': 3, 'Decision3': 2, 'Decision4': 6, 'Decision5': 4, 'Decision6': 1}",38.95,"Prosocial",57,3,3,5,5,5,5,5,7,5,5,6,5,6,5,0,1,3,2,2,2,1,"a little confusing, but did enjoy it.","2023-12-03T10:00:21.961000Z","2023-12-03T10:16:06.759000Z",945,59,"Female",0,0,0,1,1,1,0,0,0,1,1,1,0,0,1,1,1,1,1,1,1,1,1,1,1,1,1,1,1,1,1,1,1
"6562461c175724ea7f18449f",0,"2023-12-03 09:59:16.907849","{'Decision00': 4, 'Decision01': 25, 'Decision02': 20, 'Decision03': 26, 'Decision04': 18, 'Decision05': 21, 'Decision06': 24, 'Decision11': 13, 'Decision12': 23, 'Decision13': 22, 'Decision14': 27, 'Decision15': 14, 'Decision16': 5, 'Decision22': 16, 'Decision23': 3, 'Decision24': 15, 'Decision25': 6, 'Decision26': 7, 'Decision33': 1, 'Decision34': 17, 'Decision35': 9, 'Decision36': 11, 'Decision44': 12, 'Decision45': 2, 'Decision46': 8, 'Decision55': 19, 'Decision56': 28, 'Decision66': 10}","{'Decision0': 7, 'Decision1': 4, 'Decision2': 6, 'Decision3': 5, 'Decision4': 3, 'Decision5': 1, 'Decision6': 2}",32.7,"Prosocial",57,8,3,8,8,8,8,8,8,8,8,8,8,8,8,8,1,3,2,2,2,1,"","2023-12-03T09:59:08.964000Z","2023-12-03T10:21:15.958000Z",1327,33,"Male",0,1,1,1,1,1,1,1,1,1,1,1,1,1,1,1,1,1,1,1,1,1,1,1,1,1,1,1,1,1,1,1,1
"6568ce1a546180ac45ae2982",0,"2023-12-03 09:58:46.750269","{'Decision00': 7, 'Decision01': 23, 'Decision02': 11, 'Decision03': 2, 'Decision04': 12, 'Decision05': 16, 'Decision06': 8, 'Decision11': 25, 'Decision12': 9, 'Decision13': 22, 'Decision14': 6, 'Decision15': 20, 'Decision16': 28, 'Decision22': 24, 'Decision23': 3, 'Decision24': 5, 'Decision25': 13, 'Decision26': 21, 'Decision33': 14, 'Decision34': 4, 'Decision35': 15, 'Decision36': 17, 'Decision44': 18, 'Decision45': 19, 'Decision46': 1, 'Decision55': 27, 'Decision56': 10, 'Decision66': 26}","{'Decision0': 3, 'Decision1': 1, 'Decision2': 5, 'Decision3': 2, 'Decision4': 7, 'Decision5': 6, 'Decision6': 4}",18.97,"Individualistic",57,6,8,8,8,3,8,0,8,0,0,8,8,8,0,6,1,3,2,2,2,1,"","2023-12-03T09:58:31.493000Z","2023-12-03T10:26:18.405000Z",1667,34,"Male",0,0,1,1,1,0,1,1,1,1,1,1,1,1,1,1,1,1,1,1,1,1,1,1,1,1,1,1,0,1,1,1,1
